cityCode,index,countryCode,countryName,urbanAgglomeration,latitude,longitude,radius,yearMotorway,yearHST,Index,pop1950,pop1955,pop1960,pop1965,pop1970,pop1975,pop1980,pop1985,pop1990,pop1995,pop2000,pop2005,pop2010,pop2015,pop2020,pop2025,pop2030,nbOri,nbDes
20002,2,4,Afghanistan,Kabul,34.528887,69.17246,NA,NA,NA,2,171,221,285,369,472,674,978,1240,1549,1929,2401,2989,3722,4635,5722,6932,8280,NA,NA
20006,8,12,Algeria,El Djazaïr  (Algiers),36.7525,3.04197,NA,NA,NA,8,516,623,872,1081,1281,1507,1621,1672,1797,1973,2141,2282,2432,2594,2835,3149,3405,3,4
20049,13,24,Angola,Luanda,-8.83682,13.23432,NA,NA,NA,13,138,174,219,315,459,599,771,1018,1390,1899,2591,3533,4508,5506,6837,8567,10429,1,2
20050,12,24,Angola,Huambo,-12.77611,15.73917,NA,NA,NA,12,15,24,37,48,61,95,153,232,326,444,578,751,976,1269,1642,2078,2537,NA,NA
20053,43,31,Azerbaijan,Baku,40.37767,49.89201,NA,NA,NA,43,897,940,1005,1132,1274,1429,1574,1660,1733,1766,1806,1867,2062,2374,2629,2818,2971,4,4
20058,16,32,Argentina,Buenos Aires,-34.605083,-58.400368,NA,NA,NA,16,5098,5799,6598,7317,8105,8745,9422,9959,10513,11390,12407,13330,14246,15180,15894,16479,16956,3,3
20059,17,32,Argentina,Córdoba,-31.4135,-64.18105,NA,NA,NA,17,429,510,605,701,810,905,1010,1102,1200,1275,1348,1406,1459,1511,1563,1639,1718,NA,NA
20068,21,32,Argentina,Mendoza,-32.89084,-68.82717,NA,NA,NA,21,246,284,328,394,473,537,608,680,759,802,838,889,949,1009,1064,1123,1181,NA,NA
20075,25,32,Argentina,Rosario,-32.94682,-60.63932,NA,NA,NA,25,554,610,671,740,816,883,953,1017,1084,1121,1152,1217,1298,1381,1454,1532,1607,NA,NA
20107,42,40,Austria,Wien (Vienna),48.206443,16.370725,NA,NA,NA,42,1615,1621,1627,1624,1621,1583,1539,1535,1539,1544,1549,1641,1700,1753,1808,1878,1959,51,52
20115,49,50,Bangladesh,Chittagong,22.33306,91.83639,NA,NA,NA,49,289,323,360,503,723,1017,1340,1655,2023,2578,3308,3717,4106,4539,5155,5936,6719,1,NA
20119,51,50,Bangladesh,Dhaka,23.7104,90.40744,NA,NA,NA,51,336,409,508,821,1374,2221,3266,4660,6621,8332,10285,12331,14731,17598,20989,24331,27374,4,4
20124,52,50,Bangladesh,Khulna,22.80978,89.56439,NA,NA,NA,52,61,87,123,194,310,472,627,790,985,1117,1247,1182,1098,1022,1039,1173,1336,NA,NA
20140,32,51,Armenia,Yerevan,40.181998,44.514619,NA,NA,NA,32,341,431,538,648,778,911,1042,1123,1175,1142,1111,1087,1066,1044,1024,1040,1057,2,2
20144,64,56,Belgium,Bruxelles-Brussel,50.846735,4.349919,NA,NA,1997,64,1415,1449,1485,1525,1568,1610,1654,1676,1695,1715,1792,1873,1958,2045,2115,2164,2203,29,30
20152,70,68,Bolivia (Plurinational State of),Cochabamba,-17.3895,-66.1568,NA,NA,NA,70,94,112,134,160,191,228,289,374,485,599,721,867,1042,1240,1401,1554,1703,NA,NA
20153,71,68,Bolivia (Plurinational State of),La Paz,-16.5,-68.15,NA,NA,NA,71,319,374,438,512,600,703,809,927,1062,1267,1390,1524,1672,1816,1932,2112,2308,NA,NA
20157,72,68,Bolivia (Plurinational State of),Santa Cruz,-17.79891,-63.169825,NA,NA,NA,72,42,59,84,118,166,234,324,447,616,833,1054,1332,1684,2107,2455,2736,2989,NA,NA
20182,79,76,Brazil,Belém,-1.456142,-48.478988,NA,NA,NA,79,242,303,378,477,601,706,827,987,1179,1424,1724,1869,2023,2182,2315,2436,2540,NA,NA
20183,80,76,Brazil,Belo Horizonte,-19.92083,-43.93778,NA,NA,NA,80,412,567,782,1078,1485,1906,2441,2946,3548,4149,4807,5103,5409,5716,5969,6222,6439,NA,NA
20187,83,76,Brazil,Brasília,-15.77972,-47.92972,NA,NA,NA,83,36,70,137,268,525,827,1293,1559,1863,2322,2932,3301,3710,4155,4510,4751,4929,1,1
20190,85,76,Brazil,Campinas,-22.910942,-47.065587,NA,NA,NA,85,152,211,293,398,540,773,1109,1374,1693,2000,2332,2552,2793,3047,3254,3422,3560,NA,NA
20205,91,76,Brazil,Curitiba,-25.42778,-49.27306,NA,NA,NA,91,158,244,379,498,651,922,1310,1553,1829,2138,2494,2789,3118,3474,3759,3961,4116,NA,NA
20209,93,76,Brazil,Florianópolis,-27.59667,-48.54917,NA,NA,NA,93,68,81,97,121,150,221,326,406,503,609,734,861,1010,1180,1321,1412,1481,NA,NA
20210,94,76,Brazil,Fortaleza,-3.74117,-38.543575,NA,NA,NA,94,264,363,500,659,867,1136,1488,1822,2226,2554,2875,3182,3520,3880,4169,4384,4551,NA,NA
20214,96,76,Brazil,Goiânia,-16.67861,-49.25389,NA,NA,NA,96,53,89,148,236,375,527,737,915,1132,1366,1635,1831,2049,2285,2477,2618,2730,NA,NA
20230,99,76,Brazil,João Pessoa,-7.115,-34.86306,NA,NA,NA,99,117,147,184,230,289,362,453,544,652,746,842,920,1004,1093,1169,1237,1298,NA,NA
20231,100,76,Brazil,Joinville,-26.30444,-48.84556,NA,NA,NA,100,64,86,116,154,205,278,378,478,603,748,923,1015,1114,1219,1307,1384,1450,NA,NA
20243,106,76,Brazil,Maceió,-9.66583,-35.73528,NA,NA,NA,106,123,150,182,225,278,342,420,527,660,798,952,1049,1154,1266,1360,1440,1508,NA,NA
20244,107,76,Brazil,Manaus,-3.10194,-60.025,NA,NA,NA,107,90,116,151,206,281,411,604,761,955,1159,1392,1577,1789,2025,2218,2351,2454,1,1
20251,110,76,Brazil,Natal,-5.795,-35.20944,NA,NA,NA,110,102,133,173,222,285,366,470,557,658,756,860,954,1056,1167,1259,1335,1399,NA,NA
20264,115,76,Brazil,Pôrto Alegre,-30.03306,-51.23,NA,NA,NA,115,488,656,882,1111,1398,1727,2133,2416,2728,2977,3216,3344,3476,3603,3719,3878,4028,1,1
20268,117,76,Brazil,Recife,-8.05389,-34.88111,NA,NA,NA,117,661,842,1074,1327,1638,1867,2122,2390,2690,2948,3205,3378,3559,3739,3893,4066,4222,NA,NA
20272,120,76,Brazil,Rio de Janeiro,-22.90278,-43.2075,NA,NA,NA,120,3026,3687,4493,5523,6791,7733,8784,9242,9697,10432,11307,11832,12374,12902,13326,13789,14174,1,1
20275,121,76,Brazil,Salvador,-12.97111,-38.51083,NA,NA,NA,121,403,520,671,847,1069,1341,1683,1983,2331,2614,2891,3110,3343,3583,3780,3961,4115,NA,NA
20281,77,76,Brazil,Baixada Santista,-23.957,-46.326609,NA,NA,NA,77,242,306,386,482,602,735,897,993,1095,1198,1309,1383,1461,1539,1609,1691,1769,NA,NA
20286,97,76,Brazil,Grande São Luís,-2.538539,-44.283186,NA,NA,NA,97,120,137,158,203,263,342,445,548,672,843,1064,1179,1304,1437,1547,1638,1714,NA,NA
20287,124,76,Brazil,São Paulo,-23.5475,-46.63611,NA,NA,NA,124,2334,3044,3970,5494,7620,9614,12089,13395,14776,15913,17014,18288,19660,21066,22119,22899,23444,10,11
20305,98,76,Brazil,Grande Vitória,-20.305424,-40.307915,NA,NA,NA,98,85,121,171,241,339,493,716,871,1052,1188,1314,1416,1524,1636,1732,1825,1908,NA,NA
20327,132,100,Bulgaria,Sofia,42.69751,23.32415,NA,NA,NA,132,522,616,708,806,888,977,1074,1181,1191,1168,1128,1169,1200,1226,1241,1242,1230,9,8
20333,1112,104,Myanmar,Mandalay,21.97473,96.08359,NA,NA,NA,1112,167,205,250,306,374,442,499,563,636,718,810,915,1033,1167,1323,1489,1654,NA,NA
20339,1116,104,Myanmar,Yangon,16.80528,96.15611,NA,NA,NA,1116,1302,1440,1592,1760,1946,2151,2378,2629,2907,3213,3553,3928,4342,4802,5358,5971,6578,1,1
20348,60,112,Belarus,Minsk,53.9,27.56667,NA,NA,NA,60,284,414,551,719,932,1120,1320,1481,1618,1654,1700,1775,1847,1915,1953,1960,1942,NA,NA
20357,137,116,Cambodia,Phnum Pénh (Phnom Penh),11.56245,104.91601,NA,NA,NA,137,364,376,389,436,900,100,238,427,615,836,1149,1317,1510,1731,1979,2262,2584,NA,NA
20362,140,120,Cameroon,Douala,4.04827,9.70428,NA,NA,NA,140,95,117,153,205,298,433,571,740,940,1184,1490,1876,2361,2943,3503,4114,4774,NA,NA
20365,143,120,Cameroon,Yaoundé,3.86667,11.51667,NA,NA,NA,143,32,49,75,112,183,292,415,578,777,1025,1351,1781,2349,3066,3759,4444,5158,NA,NA
20370,144,124,Canada,Calgary,51.044072,-114.059314,NA,NA,NA,144,132,186,262,320,389,457,568,656,738,809,927,1056,1190,1337,1464,1554,1630,14,12
20373,145,124,Canada,Edmonton,53.543409,-113.503721,NA,NA,NA,145,163,228,318,389,477,543,623,756,831,859,924,1017,1137,1272,1389,1474,1547,8,8
20384,150,124,Canada,Montréal,45.50884,-73.58781,NA,NA,NA,150,1343,1652,2031,2373,2684,2791,2824,2904,3154,3305,3429,3603,3791,3981,4158,4343,4517,4,4
20387,152,124,Canada,Ottawa-Gatineau,45.416598,-75.697997,NA,NA,NA,152,282,342,415,482,581,676,729,803,918,988,1055,1122,1218,1326,1422,1503,1577,1,1
20402,155,124,Canada,Toronto,43.70011,-79.4163,NA,NA,NA,155,1068,1365,1744,2093,2535,2770,3008,3355,3807,4197,4607,5035,5499,5993,6407,6708,6957,14,14
20404,156,124,Canada,Vancouver,49.24966,-123.11934,NA,NA,NA,156,556,588,620,836,1045,1150,1247,1359,1559,1789,1959,2093,2278,2485,2665,2806,2930,14,15
20420,161,148,Chad,N'Djaména,12.10672,15.0444,NA,NA,NA,161,25,42,71,109,155,231,324,393,477,579,703,854,1038,1260,1535,1893,2347,1,1
20439,166,152,Chile,Santiago,-33.45694,-70.64827,NA,NA,NA,166,1322,1618,1980,2294,2647,3138,3721,4201,4616,5102,5658,6025,6269,6507,6707,6933,7122,5,5
20451,173,156,China,Anshan,41.12361,122.99,NA,NA,NA,173,455,622,850,887,813,878,967,1085,1234,1307,1384,1442,1501,1559,1641,1771,1886,NA,NA
20453,175,156,China,Anyang,36.094436,114.35034,NA,NA,NA,175,113,134,158,187,221,261,308,358,410,474,548,697,893,1140,1373,1529,1633,NA,NA
20458,179,156,China,Baoding,38.85111,115.49028,NA,NA,NA,179,174,214,264,317,338,361,385,422,471,645,884,963,1033,1106,1187,1290,1377,NA,NA
20459,180,156,China,Baoji,34.365118,107.200449,NA,NA,NA,180,118,139,162,191,226,267,317,378,452,537,638,743,863,1001,1131,1244,1329,NA,NA
20460,181,156,China,Baotou,40.65222,109.82222,NA,NA,NA,181,104,190,347,608,754,801,835,912,1044,1212,1406,1574,1757,1957,2154,2346,2495,1,1
20464,185,156,China,Beijing,39.9075,116.39723,NA,NA,NA,185,1671,2365,3900,4582,4426,4828,5366,6017,6788,8305,10162,12813,16190,20384,24201,26494,27706,44,46
20467,187,156,China,Benxi,41.28861,123.765,NA,NA,NA,187,335,371,411,456,505,559,619,685,759,807,857,923,995,1070,1153,1253,1338,NA,NA
20471,194,156,China,Changchun,43.882494,125.293964,NA,NA,NA,194,765,922,1111,1314,1255,1426,1655,1909,2192,2446,2730,3041,3387,3762,4130,4480,4742,7,7
20474,199,156,China,Changsha,28.227394,112.938269,NA,NA,NA,199,577,705,861,772,731,811,830,922,1089,1542,2182,2639,3155,3761,4322,4736,5013,2,2
20476,203,156,China,Changzhou Jiangsu,31.794314,119.958917,NA,NA,NA,203,149,182,221,268,327,397,469,577,730,1039,1478,1927,2235,2584,2913,3185,3381,NA,NA
20478,206,156,China,Chaozhou,23.66513,116.63786,NA,NA,NA,206,99,103,108,114,127,141,157,214,334,480,691,925,1232,1333,1427,1547,1650,NA,NA
20480,208,156,China,Chengdu,30.66667,104.06667,NA,NA,NA,208,646,1034,1580,1609,1750,1860,2150,2639,2955,3532,4222,5128,6234,7556,8766,9594,10104,14,14
20483,210,156,China,Chifeng,42.264601999999996,118.915236,NA,NA,NA,210,112,127,144,164,186,212,241,276,345,483,677,783,894,1018,1138,1248,1333,NA,NA
20484,212,156,China,Chongqing,29.56278,106.55278,NA,NA,NA,212,1567,1913,2275,2188,2237,2545,2961,3446,4011,5615,7863,9454,11244,13332,15233,16571,17380,11,11
20489,218,156,China,Dalian,38.913811,121.602322,NA,NA,NA,218,716,820,938,1070,1177,1294,1424,1620,1884,2311,2833,3314,3862,4489,5073,5534,5851,7,7
20493,221,156,China,Daqing,46.58333,125,NA,NA,NA,221,181,216,259,309,370,442,529,633,757,905,1082,1242,1421,1621,1814,1984,2113,NA,NA
20494,223,156,China,Datong,40.080522,113.293045,NA,NA,NA,223,201,249,358,390,432,493,565,743,917,981,1049,1188,1351,1532,1707,1866,1988,NA,NA
20499,231,156,China,Dongguan,23.02116,113.741411,NA,NA,NA,231,92,95,99,104,114,125,137,237,553,1416,3631,5193,7118,7435,7731,8263,8701,NA,NA
20506,242,156,China,Foshan,23.022778,113.119953,NA,NA,NA,242,103,137,183,243,323,429,570,758,1008,1965,3832,5118,6653,7036,7399,7930,8353,NA,NA
20509,245,156,China,Fushun Liaoning,41.880737,123.946698,NA,NA,NA,245,637,680,727,776,829,906,991,1115,1289,1323,1358,1341,1320,1298,1319,1414,1508,NA,NA
20513,249,156,China,Fuzhou Fujian,26.075352,119.298946,NA,NA,NA,249,301,350,407,473,549,638,742,978,1403,1678,2009,2370,2793,3283,3739,4092,4335,NA,NA
20517,261,156,China,Guangzhou Guangdong,23.125457,113.257374,NA,NA,NA,261,1049,1155,1272,1401,1542,1698,1870,2308,3072,4745,7330,8485,9620,12458,15174,16744,17574,41,40
20518,263,156,China,Guilin,25.28194,110.28639,NA,NA,NA,263,126,160,203,253,296,346,404,475,561,672,805,881,958,1040,1127,1226,1310,1,1
20519,265,156,China,Guiyang,26.58333,106.71667,NA,NA,NA,265,249,298,425,633,702,754,809,912,1080,1417,1860,2164,2496,2871,3225,3521,3734,4,4
20523,273,156,China,Handan,36.60056,114.46778,NA,NA,NA,273,69,89,114,147,190,245,316,408,525,653,811,1024,1296,1634,1950,2164,2304,NA,NA
20524,274,156,China,Hangzhou,30.29365,120.16142,NA,NA,NA,274,610,761,948,974,1027,1083,1141,1291,1476,2160,3160,4027,5082,6391,7597,8365,8822,14,15
20529,277,156,China,Hefei,31.86389,117.28083,NA,NA,NA,277,145,214,316,461,518,588,751,917,1100,1298,1532,2141,3027,3348,3622,3920,4152,NA,NA
20533,281,156,China,Hengyang,26.884064,112.62509,NA,NA,NA,281,97,120,147,180,221,272,334,410,504,632,793,936,1103,1301,1488,1637,1746,NA,NA
20543,288,156,China,Huai'an,33.606953,119.014801,NA,NA,NA,288,64,79,97,119,146,179,219,269,330,520,818,1111,1494,2000,2482,2774,2951,NA,NA
20546,291,156,China,Huainan,32.62639,116.99694,NA,NA,NA,291,253,312,385,464,508,555,606,663,724,872,1049,1141,1232,1327,1431,1554,1657,NA,NA
20551,286,156,China,Hohhot,40.81056,111.65222,NA,NA,NA,286,122,169,234,318,365,419,481,552,635,798,1005,1220,1478,1785,2071,2282,2429,2,2
20553,294,156,China,Huizhou,23.08333,114.4,NA,NA,NA,294,49,58,70,83,100,119,143,171,205,453,1003,1358,1775,2312,2817,3134,3330,NA,NA
20560,299,156,China,Jiangmen,22.58333,113.08333,NA,NA,NA,299,88,97,107,117,129,143,157,173,190,399,834,1119,1454,1572,1684,1825,1943,NA,NA
20566,306,156,China,Jilin,43.85083,126.56028,NA,NA,NA,306,394,466,550,637,606,672,777,914,1090,1195,1311,1381,1450,1520,1610,1740,1854,NA,NA
20567,308,156,China,Ji'nan Shandong,36.676721,116.997142,NA,NA,NA,308,576,760,1003,1086,1060,1150,1260,1506,1923,2134,2592,3018,3493,4032,4537,4947,5234,1,1
20572,315,156,China,Jining Shandong,35.414595,116.584704,NA,NA,NA,315,72,98,133,182,248,339,462,633,871,984,1112,1200,1291,1385,1489,1616,1722,NA,NA
20576,318,156,China,Jinzhou,41.10778,121.14167,NA,NA,NA,318,160,217,246,279,316,347,381,460,592,675,770,851,940,1035,1132,1235,1319,NA,NA
20584,326,156,China,Kaohsiung,22.625962,120.31546,NA,NA,NA,326,256,341,454,605,807,986,1160,1287,1372,1431,1488,1504,1514,1523,1569,1686,1796,3,3
20590,330,156,China,Kunming,25.03889,102.71833,NA,NA,NA,330,334,364,397,433,472,515,561,738,1100,1691,2600,2989,3365,3780,4178,4540,4805,16,15
20592,338,156,China,Lanzhou,36.05639,103.79222,NA,NA,NA,338,336,445,589,768,863,945,1033,1146,1290,1561,1890,2143,2419,2723,3017,3284,3485,1,1
20597,342,156,China,Lianyungang,34.59687,119.175775,NA,NA,NA,342,130,147,166,187,211,239,270,305,344,442,567,709,884,1099,1301,1444,1542,NA,NA
20604,351,156,China,Linyi Shandong,35.054142,118.333365,NA,NA,NA,351,15,22,31,44,63,89,128,182,260,542,1130,1333,1510,1706,1896,2070,2204,NA,NA
20606,357,156,China,Liuzhou,24.301725,109.378368,NA,NA,NA,357,118,194,232,267,314,370,435,522,637,809,1027,1201,1396,1619,1830,2006,2137,NA,NA
20612,365,156,China,Luoyang,34.618562,112.456179,NA,NA,NA,365,145,191,251,339,392,459,538,625,725,938,1213,1443,1708,2015,2302,2527,2688,NA,NA
20619,373,156,China,Mianyang Sichuan,31.483888,104.737019,NA,NA,NA,373,74,86,101,119,139,163,191,224,289,468,758,864,960,1065,1170,1277,1364,NA,NA
20622,376,156,China,Nanchang,28.68333,115.88333,NA,NA,NA,376,343,440,564,675,615,688,788,861,912,1226,1648,1915,2203,2527,2834,3095,3285,2,2
20623,377,156,China,Nanchong,30.79508,106.08474,NA,NA,NA,377,156,170,186,200,206,212,218,241,279,411,606,735,880,1050,1210,1335,1426,NA,NA
20625,378,156,China,Nanjing Jiangsu,32.048183,118.789812,NA,NA,NA,378,1037,1130,1230,1340,1459,1589,1731,2144,2893,3518,4279,5137,6162,7369,8476,9260,9754,7,7
20626,380,156,China,Nanning,22.81667,108.31667,NA,NA,NA,380,143,225,323,443,432,509,621,690,759,1118,1624,2072,2619,3234,3800,4188,4438,3,3
20628,381,156,China,Nantong,31.990413,120.865451,NA,NA,NA,381,243,273,305,280,292,328,371,418,470,688,1006,1271,1588,1978,2342,2591,2755,NA,NA
20629,382,156,China,Nanyang   Henan,32.999941,112.52593,NA,NA,NA,382,44,66,99,138,146,154,162,187,228,392,672,785,892,1011,1127,1235,1320,NA,NA
20631,384,156,China,Ningbo,29.87819,121.54945,NA,NA,NA,384,282,309,338,366,377,401,447,525,634,1021,1643,2064,2547,3132,3674,4047,4290,3,3
20639,394,156,China,Putian,25.43944,119.01028,NA,NA,NA,394,79,94,111,132,157,186,221,262,311,437,613,818,1086,1438,1771,1980,2111,NA,NA
20641,397,156,China,Qingdao,36.09861,120.37194,NA,NA,NA,397,751,913,902,895,906,933,1095,1460,2101,2486,2940,3411,3952,4566,5139,5601,5920,5,6
20644,400,156,China,Qinhuangdao,39.93167,119.58833,NA,NA,NA,400,91,106,125,147,173,203,238,289,358,501,702,825,958,1109,1253,1376,1470,NA,NA
20646,402,156,China,Qiqihaer,47.34083,123.96722,NA,NA,NA,402,313,367,431,505,591,693,812,952,1115,1151,1188,1269,1358,1452,1556,1687,1798,NA,NA
20648,404,156,China,Quanzhou,24.896763,118.599688,NA,NA,NA,404,104,110,116,122,129,136,143,152,174,356,728,926,1139,1395,1635,1808,1928,NA,NA
20656,416,156,China,Shanghai,31.22222,121.45806,NA,NA,NA,416,4301,5846,6820,6428,6036,5627,5966,6847,7823,10450,13959,16763,19980,23741,27137,29442,30751,51,50
20659,420,156,China,Shantou,23.36814,116.71479,NA,NA,NA,420,270,287,305,325,345,380,420,528,725,1457,2931,3326,3623,3949,4281,4631,4899,NA,NA
20663,423,156,China,Shaoxing,30.011,120.5715,NA,NA,NA,423,64,79,96,118,144,176,215,316,525,768,1124,1392,1702,2076,2423,2672,2841,NA,NA
20666,426,156,China,Shenyang,41.79222,123.43278,NA,NA,NA,426,2148,2408,2699,2924,3156,3291,3418,3537,3651,4081,4562,5089,5676,6315,6932,7503,7911,6,6
20667,427,156,China,Shenzhen,22.541487,114.063427,NA,NA,NA,427,3,5,8,13,22,36,58,175,875,2394,6550,8409,10223,10749,11287,12067,12673,18,18
20669,429,156,China,Shijiazhuang,38.041845,114.510846,NA,NA,NA,429,272,407,505,609,692,825,991,1172,1372,1621,1914,2288,2737,3264,3753,4117,4362,NA,NA
20677,442,156,China,Suqian,33.968102,118.292384,NA,NA,NA,442,1,1,3,5,9,17,32,61,114,212,397,558,767,1050,1323,1488,1591,NA,NA
20678,444,156,China,Suzhou  Jiangsu,31.302068,120.585259,NA,NA,NA,444,457,486,516,536,508,530,556,718,1067,1501,2112,2908,3997,5472,6876,7669,8098,NA,NA
20681,445,156,China,Taian  Shandong,36.190371,117.119081,NA,NA,NA,445,4,6,12,21,37,65,116,206,367,577,910,1020,1117,1220,1326,1444,1541,NA,NA
20682,447,156,China,Taichung,24.141613,120.67274,NA,NA,NA,447,198,242,295,360,440,537,607,682,765,864,978,1058,1140,1225,1318,1432,1528,NA,NA
20684,449,156,China,Taipei,25.047009,121.54568,NA,NA,NA,449,503,684,930,1265,1720,2023,2273,2497,2737,2698,2630,2638,2654,2666,2742,2938,3116,25,26
20685,452,156,China,Taiyuan  Shanxi,37.861899,112.551572,NA,NA,NA,452,197,262,350,466,622,829,1106,1376,1637,2024,2503,2809,3131,3482,3824,4152,4396,NA,NA
20686,453,156,China,Taizhou Jiangsu,32.494536,119.902861,NA,NA,NA,453,11,16,24,35,52,76,111,162,238,432,784,919,1045,1184,1319,1444,1541,NA,NA
20687,455,156,China,Tangshan Hebei,39.628484,118.179931,NA,NA,NA,455,448,507,574,649,646,692,758,922,996,1188,1418,1765,2204,2743,3244,3582,3801,NA,NA
20689,457,156,China,Tianjin,39.108842,117.18862,NA,NA,NA,457,2467,2761,2935,3121,3318,3527,3750,4097,4558,5513,6670,7944,9451,11210,12816,13955,14655,3,3
20704,467,156,China,Ürümqi (Wulumqi),43.82532,87.603835,NA,NA,NA,467,102,174,296,472,581,715,881,1055,1241,1497,1807,2251,2811,3499,4135,4561,4831,14,14
20706,469,156,China,Weifang,36.71,119.10194,NA,NA,NA,469,129,164,208,256,286,319,356,454,634,885,1235,1507,1821,2195,2542,2797,2973,NA,NA
20710,473,156,China,Wenzhou,27.99942,120.66682,NA,NA,NA,473,151,231,419,689,767,853,949,1034,1111,1318,1565,2186,2652,3208,3722,4091,4336,5,5
20712,476,156,China,Wuhan,30.58333,114.26667,NA,NA,NA,476,1069,1489,1653,1836,2039,2265,2516,2897,3417,4763,6638,7129,7515,7906,8364,8970,9442,8,8
20713,477,156,China,Wuhu Anhui,31.333557,118.381175,NA,NA,NA,477,163,184,209,237,268,304,344,390,442,529,634,828,1088,1424,1743,1945,2074,NA,NA
20715,479,156,China,Wuxi Jiangsu,31.536681,120.298556,NA,NA,NA,479,366,414,470,532,602,682,773,876,992,1349,1835,2451,2737,3049,3354,3644,3862,1,1
20720,481,156,China,Xiamen,24.47979,118.08187,NA,NA,NA,481,193,248,317,392,418,445,491,556,639,952,1416,2076,3040,4430,5800,6534,6911,6,6
20721,482,156,China,Xi'an Shaanxi,34.289413,108.940242,NA,NA,NA,482,575,706,782,866,960,1063,1178,1517,2157,2821,3690,4375,5149,6044,6869,7493,7904,NA,NA
20723,484,156,China,Xiangtan Hunan,27.828265,112.926952,NA,NA,NA,484,171,193,218,247,279,315,357,403,456,564,698,793,896,1010,1121,1227,1311,NA,NA
20736,495,156,China,Xining,36.61667,101.76667,NA,NA,NA,495,70,114,184,279,321,371,427,500,592,707,844,983,1142,1323,1495,1641,1750,NA,NA
20746,507,156,China,Xuzhou,34.263685,117.186605,NA,NA,NA,507,341,397,462,528,557,588,621,686,781,1033,1367,1543,1722,1918,2110,2299,2445,NA,NA
20750,509,156,China,Yancheng Jiangsu,33.356867,120.155148,NA,NA,NA,509,46,60,78,102,134,175,229,300,392,513,671,867,1118,1436,1735,1931,2059,NA,NA
20753,512,156,China,Yangzhou,32.391492,119.423807,NA,NA,NA,512,170,187,206,226,247,270,294,382,557,823,1217,1396,1572,1765,1954,2132,2269,NA,NA
20755,515,156,China,Yantai,37.465087,121.437152,NA,NA,NA,515,92,135,200,263,216,234,241,299,422,717,1218,1488,1777,2114,2430,2670,2838,1,1
20757,517,156,China,Yichang,30.71444,111.28472,NA,NA,NA,517,59,78,104,138,183,244,324,407,492,583,692,845,1035,1264,1478,1634,1743,NA,NA
20761,520,156,China,Yinchuan,38.46806,106.27306,NA,NA,NA,520,59,90,110,134,163,199,242,302,384,468,571,800,1133,1596,2049,2309,2461,NA,NA
20763,522,156,China,Yingkou,40.66482,122.22833,NA,NA,NA,522,120,139,162,188,218,253,294,361,458,535,624,737,871,1026,1173,1292,1380,NA,NA
20766,524,156,China,Yiwu,29.31506,120.07676,NA,NA,NA,524,3,5,8,12,19,30,47,73,114,247,532,691,866,1080,1282,1423,1520,1,1
20783,540,156,China,Zaozhuang,34.86472,117.55417,NA,NA,NA,540,130,144,160,178,198,220,245,272,303,508,853,927,977,1028,1092,1183,1264,NA,NA
20789,547,156,China,Zhanjiang,21.266159,110.359639,NA,NA,NA,547,152,176,203,235,272,314,363,420,486,630,818,923,1031,1149,1266,1383,1476,1,1
20793,551,156,China,Zhengzhou,34.75778,113.64861,NA,NA,NA,551,196,248,315,400,508,645,819,982,1134,1663,2438,2993,3630,4387,5086,5579,5900,10,10
20794,552,156,China,Zhenjiang Jiangsu,32.202713,119.44894,NA,NA,NA,552,199,203,208,215,235,257,280,304,328,494,743,846,944,1050,1156,1263,1349,NA,NA
20797,559,156,China,Zhuhai,22.2769,113.5678,NA,NA,NA,559,3,5,7,11,17,25,39,84,220,470,1004,1192,1358,1542,1719,1880,2003,NA,NA
20800,562,156,China,Zhuzhou,27.83333,113.15,NA,NA,NA,562,116,135,158,184,215,250,292,351,430,593,819,909,993,1083,1177,1282,1369,NA,NA
20801,563,156,China,Zibo,36.79056,118.06333,NA,NA,NA,563,164,199,242,294,357,434,527,640,777,1207,1874,2078,2250,2430,2621,2839,3015,NA,NA
20808,570,170,Colombia,Barranquilla,10.96389,-74.79639,NA,NA,NA,570,294,366,455,565,691,830,961,1113,1229,1363,1531,1719,1857,1991,2094,2231,2370,2,3
20809,572,170,Colombia,Bucaramanga,7.12539,-73.1198,NA,NA,NA,572,110,145,190,250,325,408,473,548,650,759,855,964,1086,1215,1315,1414,1507,1,2
20812,574,170,Colombia,Cali,3.43722,-76.5225,NA,NA,NA,574,231,331,474,664,851,1047,1192,1357,1552,1757,1950,2164,2402,2646,2830,3022,3203,6,5
20813,575,170,Colombia,Cartagena,10.39972,-75.51444,NA,NA,NA,575,107,137,177,226,274,332,402,486,561,645,737,842,963,1092,1193,1286,1372,2,2
20827,579,170,Colombia,Medellín,6.25184,-75.56359,NA,NA,NA,579,376,523,727,992,1260,1536,1731,1950,2135,2372,2724,3127,3510,3911,4210,4492,4747,5,5
20837,571,170,Colombia,Bogotá,4.60971,-74.08175,NA,NA,NA,571,630,894,1269,1780,2383,3040,3525,4087,4740,5494,6356,7353,8506,9765,10696,11398,11966,19,19
20848,587,178,Congo,Brazzaville,-4.26583,15.28318,NA,NA,NA,587,83,92,124,172,238,329,446,596,704,830,1022,1269,1574,1888,2207,2572,2979,NA,NA
20851,608,180,Democratic Republic of the Congo,Kananga,-5.89624,22.41659,NA,NA,NA,608,27,51,73,98,131,176,236,312,389,485,604,753,938,1169,1434,1727,2053,NA,NA
20853,610,180,Democratic Republic of the Congo,Kinshasa,-4.32758,15.31357,NA,NA,NA,610,202,292,443,717,1070,1482,2053,2812,3683,4825,6140,7589,9382,11587,14118,16916,19996,2,NA
20854,611,180,Democratic Republic of the Congo,Kisangani,0.51667,25.2,NA,NA,NA,611,38,60,134,178,235,262,291,330,400,484,586,709,859,1040,1252,1502,1786,NA,NA
20856,614,180,Democratic Republic of the Congo,Lubumbashi,-11.66089,27.47938,NA,NA,NA,614,96,145,194,251,325,396,482,588,722,887,1089,1337,1642,2015,2448,2939,3489,NA,NA
20859,617,180,Democratic Republic of the Congo,Mbuji-Mayi,-6.15,23.6,NA,NA,NA,617,68,96,136,194,275,337,413,509,640,804,1011,1271,1598,2007,2475,2982,3541,NA,NA
20861,589,188,Costa Rica,San José,9.927817,-84.080685,NA,NA,NA,589,148,184,230,287,359,440,526,627,741,874,1032,1076,1122,1170,1259,1393,1501,4,4
20870,596,192,Cuba,La Habana (Havana),23.119541,-82.378493,NA,NA,NA,596,1142,1289,1436,1598,1779,1848,1913,2005,2108,2150,2186,2188,2165,2137,2109,2104,2104,2,2
20887,599,203,Czech Republic,Praha (Prague),50.08804,14.42076,NA,NA,NA,599,935,967,1001,1038,1076,1126,1179,1197,1212,1194,1172,1211,1261,1314,1364,1403,1437,13,12
20894,620,208,Denmark,København (Copenhagen),55.67594,12.56553,NA,NA,NA,620,1216,1227,1284,1373,1380,1172,1096,1056,1035,1048,1077,1127,1192,1268,1333,1395,1455,35,33
20898,623,214,Dominican Republic,Santo Domingo,18.489591,-69.901805,NA,NA,NA,623,180,257,367,503,687,911,1210,1396,1522,1703,1997,2297,2601,2945,3321,3635,3888,2,2
20903,625,218,Ecuador,Guayaquil,-2.16667,-79.9,NA,NA,NA,625,258,343,456,583,719,890,1120,1352,1572,1808,2077,2293,2492,2709,2953,3219,3493,4,3
20910,626,218,Ecuador,Quito,-0.22985,-78.52495,NA,NA,NA,626,206,257,319,399,501,628,780,936,1088,1217,1357,1479,1598,1726,1875,2048,2228,1,1
20917,641,222,El Salvador,San Salvador,13.68935,-89.18718,NA,NA,NA,641,194,246,311,394,500,596,701,825,970,1049,1062,1074,1086,1098,1129,1190,1254,12,12
20921,644,231,Ethiopia,Addis Ababa,9.02497,38.74689,NA,NA,NA,644,392,451,519,597,729,926,1175,1476,1791,2144,2377,2634,2919,3238,3778,4698,5851,3,3
20937,646,246,Finland,Helsinki,60.169246,24.940216,NA,NA,NA,646,366,405,448,478,507,582,674,723,871,943,1019,1067,1122,1180,1226,1263,1293,17,17
20969,653,250,France,Lille,50.63297,3.05858,NA,1968,1993,653,751,767,814,863,906,937,956,969,979,991,1002,1010,1018,1027,1056,1097,1142,NA,NA
20972,654,250,France,Lyon,45.74846,4.84671,NA,1970,1983,654,731,768,904,1027,1116,1178,1278,1336,1370,1404,1443,1496,1551,1609,1682,1749,1814,7,7
20973,655,250,France,Marseille-Aix-en-Provence,43.528414,5.443298,NA,1970,2001,655,756,798,929,1069,1182,1258,1372,1415,1418,1444,1474,1516,1560,1605,1669,1735,1798,6,6
20985,659,250,France,Paris,48.85341,2.3488,NA,1968,1983,659,6283,6796,7411,7855,8208,8558,8669,8956,9330,9510,9737,10092,10460,10843,11271,11565,11803,85,85
21011,670,268,Georgia,Tbilisi,41.69411,44.83368,NA,NA,NA,670,612,659,718,803,897,992,1090,1177,1224,1160,1100,1100,1127,1147,1137,1127,1119,2,2
21107,693,288,Ghana,Accra,5.55602,-0.1969,NA,NA,NA,693,177,265,393,499,631,738,863,1013,1197,1415,1668,1854,2060,2277,2517,2870,3262,NA,NA
21108,694,288,Ghana,Kumasi,6.68848,-1.62443,NA,NA,NA,694,99,149,221,279,349,397,452,532,696,909,1187,1544,2010,2599,3180,3707,4215,NA,NA
21113,697,300,Greece,Athínai (Athens),37.95342,23.74897,NA,NA,NA,697,1347,1563,1814,2121,2485,2738,2987,3047,3070,3122,3179,3146,3098,3052,3062,3122,3169,7,7
21124,699,320,Guatemala,Ciudad de Guatemala (Guatemala City),14.612652,-90.530746,NA,NA,NA,699,361,467,605,768,917,1053,1152,1289,1448,1651,1973,2289,2584,2918,3364,3968,4650,3,3
21126,700,324,Guinea,Conakry,9.571642,-13.647602,NA,NA,NA,700,31,59,112,208,388,567,658,766,895,1045,1221,1426,1666,1936,2240,2652,3134,NA,NA
21133,703,332,Haiti,Port-au-Prince,18.53917,-72.335,NA,NA,NA,703,133,182,247,337,460,575,701,881,1134,1427,1693,2171,2141,2440,2817,3202,3525,2,2
21136,706,340,Honduras,Tegucigalpa,14.0818,-87.20681,NA,NA,NA,706,73,96,128,169,223,292,371,471,572,656,752,861,987,1123,1254,1427,1613,NA,NA
21137,567,344,China Hong Kong SAR,Hong Kong,22.279588,114.188697,NA,NA,NA,567,1682,2122,2621,3286,3472,3906,4623,5031,5766,6144,6835,6897,7050,7314,7550,7743,7885,46,46
21138,707,348,Hungary,Budapest,47.49801,19.03991,NA,NA,NA,707,1618,1714,1811,1878,1946,2005,2057,2036,2005,1893,1787,1756,1734,1714,1728,1776,1811,7,7
21151,709,356,India,Agra,27.18333,78.01667,NA,NA,NA,709,369,428,499,559,624,681,739,828,933,1095,1293,1491,1714,1966,2224,2501,2793,NA,NA
21152,710,356,India,Ahmadabad,23.03333,72.61667,NA,NA,NA,710,855,1007,1181,1412,1695,2050,2484,2855,3255,3790,4427,5238,6210,7343,8452,9490,10527,1,1
21158,715,356,India,Aligarh,27.88333,78.08333,NA,NA,NA,715,139,159,182,211,247,280,316,382,468,554,653,763,891,1037,1186,1340,1502,NA,NA
21160,716,356,India,Allahabad,25.45,81.85,NA,NA,NA,716,327,372,423,464,506,568,640,728,830,928,1035,1119,1205,1295,1405,1568,1755,NA,NA
21164,719,356,India,Amritsar,31.630953,74.875536,NA,NA,NA,719,340,362,394,423,453,520,604,665,726,844,990,1083,1171,1265,1377,1538,1721,2,2
21170,722,356,India,Asansol,23.68333,86.98333,NA,NA,NA,722,93,122,162,197,235,289,356,504,727,891,1065,1154,1232,1313,1417,1580,1768,NA,NA
21171,723,356,India,Aurangabad,19.876619,75.34331,NA,NA,NA,723,65,79,95,122,159,218,303,415,568,708,868,1010,1167,1344,1526,1720,1925,NA,NA
21176,725,356,India,Bangalore,12.97194,77.59369,NA,NA,NA,725,746,939,1166,1377,1615,2111,2812,3395,4036,4744,5567,6769,8275,10087,11837,13329,14762,5,5
21179,727,356,India,Bareilly,28.35,79.41667,NA,NA,NA,727,207,234,268,295,322,374,440,516,604,664,722,829,961,1111,1264,1426,1598,NA,NA
21195,736,356,India,Bhopal,23.26667,77.4,NA,NA,NA,736,100,143,212,282,370,491,655,831,1046,1228,1426,1627,1851,2102,2361,2650,2959,NA,NA
21206,816,356,India,Mumbai (Bombay),19.073975,72.880838,NA,NA,NA,816,2857,3432,4060,4854,5811,7082,8658,10391,12436,14310,16367,17891,19422,21043,22838,25207,27797,8,11
21211,798,356,India,Kolkata (Calcutta),22.533455,88.356045,NA,NA,NA,798,4513,5055,5652,6261,6926,7888,9030,9946,10890,11924,13058,13702,14283,14865,15726,17285,19092,NA,NA
21212,744,356,India,Chandigarh,30.7343,76.7933,NA,NA,NA,744,40,61,94,143,219,301,406,483,564,667,791,897,1010,1134,1267,1424,1595,NA,NA
21219,748,356,India,Coimbatore,10.9925,76.96139,NA,NA,NA,748,279,348,435,555,710,810,907,995,1088,1239,1420,1718,2095,2549,2994,3390,3782,NA,NA
21228,753,356,India,Delhi,28.66667,77.21667,NA,NA,NA,753,1369,1782,2283,2845,3531,4426,5558,7325,9726,12407,15732,18670,21935,25703,29348,32727,36060,15,14
21230,755,356,India,Dhanbad,23.8,86.45,NA,NA,NA,755,71,114,188,280,410,525,658,734,805,915,1046,1119,1186,1255,1348,1501,1680,NA,NA
21234,759,356,India,Durg-Bhilainagar,21.188706,81.280592,NA,NA,NA,759,20,46,118,173,234,330,468,567,670,780,905,982,1054,1129,1223,1365,1529,NA,NA
21261,768,356,India,Guwahati (Gauhati),26.173547,91.750291,NA,NA,NA,768,43,71,126,161,195,252,329,431,564,675,797,878,957,1042,1140,1276,1430,NA,NA
21262,769,356,India,Gwalior,26.22361,78.17917,NA,NA,NA,769,237,266,296,342,397,465,544,621,706,779,855,961,1084,1221,1365,1534,1718,NA,NA
21274,774,356,India,Hubli-Dharwad,15.458722,75.010582,NA,NA,NA,774,192,217,245,298,367,437,516,577,639,705,776,851,932,1020,1120,1254,1405,NA,NA
21275,775,356,India,Hyderabad,17.37528,78.47444,NA,NA,NA,775,1096,1179,1241,1460,1748,2086,2487,3209,4193,4825,5445,6403,7578,8944,10279,11527,12774,NA,NA
21278,778,356,India,Indore,22.71792,75.8333,NA,NA,NA,778,302,345,389,459,546,663,808,941,1088,1314,1597,1850,2127,2441,2760,3100,3459,NA,NA
21279,779,356,India,Jabalpur,23.16697,79.95006,NA,NA,NA,779,251,300,358,431,520,621,740,812,879,981,1100,1180,1257,1337,1440,1604,1795,NA,NA
21280,780,356,India,Jaipur,26.91667,75.81667,NA,NA,NA,780,294,346,402,496,616,778,984,1209,1478,1826,2259,2623,3017,3461,3911,4386,4885,1,1
21286,786,356,India,Jamshedpur,22.8,86.18333,NA,NA,NA,786,214,260,319,378,445,538,653,735,817,938,1081,1198,1320,1451,1598,1788,2000,NA,NA
21289,788,356,India,Jodhpur,26.239232,73.015787,NA,NA,NA,788,177,199,222,261,310,388,491,570,654,743,842,968,1116,1284,1456,1641,1837,NA,NA
21295,792,356,India,Kannur,11.872888,75.371554,NA,NA,NA,792,42,44,46,50,54,87,147,252,432,610,837,1148,1575,2153,2729,3144,3513,NA,NA
21296,793,356,India,Kanpur,26.46667,80.35,NA,NA,NA,793,688,810,951,1092,1250,1420,1612,1798,2001,2294,2641,2788,2904,3021,3204,3546,3950,NA,NA
21305,796,356,India,Kochi (Cochin),9.930693,76.260069,NA,NA,NA,796,163,208,268,338,424,532,666,855,1103,1304,1523,1777,2075,2416,2759,3106,3465,3,3
21308,799,356,India,Kollam,8.88056,76.59167,NA,NA,NA,799,65,76,89,104,121,141,164,234,344,462,611,808,1069,1410,1747,2006,2246,NA,NA
21310,801,356,India,Kota,25.16645,75.856095,NA,NA,NA,801,64,85,116,154,204,266,346,427,523,604,692,821,978,1163,1348,1527,1710,NA,NA
21313,803,356,India,Kozhikode (Calicut),11.25669,75.778724,NA,NA,NA,803,156,183,216,264,324,412,528,645,781,980,1237,1560,1969,2476,2973,3384,3776,NA,NA
21318,806,356,India,Lucknow,26.85,80.91667,NA,NA,NA,806,489,560,644,720,801,892,993,1254,1614,1906,2221,2523,2854,3222,3603,4033,4493,2,2
21319,807,356,India,Ludhiana,30.9,75.85,NA,NA,NA,807,151,188,237,302,387,479,590,767,1006,1183,1368,1486,1598,1716,1860,2073,2316,NA,NA
21321,746,356,India,Chennai (Madras),13.053091,80.24875,NA,NA,NA,746,1491,1705,1915,2399,3057,3609,4203,4748,5338,5836,6353,7325,8523,9890,11241,12570,13921,7,6
21322,808,356,India,Madurai,9.93333,78.11667,NA,NA,NA,808,361,419,482,576,692,790,893,981,1073,1132,1187,1304,1443,1593,1759,1968,2201,NA,NA
21325,809,356,India,Malappuram,11.06667,76.06667,NA,NA,NA,809,25,26,28,30,32,57,112,221,437,641,875,1194,1630,2216,2799,3223,3600,NA,NA
21332,814,356,India,Meerut,28.97155,77.71934,NA,NA,NA,814,228,254,280,317,361,432,523,655,824,975,1143,1273,1406,1550,1710,1914,2140,NA,NA
21336,815,356,India,Moradabad,28.83333,78.78333,NA,NA,NA,815,160,174,190,223,266,302,340,385,436,520,626,739,871,1023,1177,1332,1493,NA,NA
21343,819,356,India,Mysore,12.29791,76.63925,NA,NA,NA,819,237,248,253,293,347,404,470,548,640,708,776,866,969,1082,1204,1352,1515,NA,NA
21347,820,356,India,Nagpur,21.15,79.1,NA,NA,NA,820,473,565,674,785,910,1075,1273,1448,1637,1849,2089,2278,2471,2675,2912,3244,3616,NA,NA
21350,822,356,India,Nashik,19.98333,73.8,NA,NA,NA,822,149,180,211,238,267,330,416,539,700,886,1117,1315,1531,1779,2030,2287,2556,NA,NA
21364,830,356,India,Patna,25.6,85.11667,NA,NA,NA,830,277,316,359,414,480,642,881,993,1087,1331,1658,1847,2022,2210,2421,2702,3016,NA,NA
21371,832,356,India,Pune (Poona),18.516057,73.861578,NA,NA,NA,832,581,680,777,924,1105,1345,1642,1998,2430,2978,3655,4270,4951,5728,6502,7285,8091,2,2
21376,834,356,India,Raipur,21.23333,81.63333,NA,NA,NA,834,88,109,136,165,200,255,327,387,453,553,680,858,1088,1374,1656,1890,2116,NA,NA
21379,836,356,India,Rajkot,22.3,70.78333,NA,NA,NA,836,126,156,189,234,291,356,434,526,638,787,974,1155,1361,1599,1838,2076,2322,NA,NA
21384,838,356,India,Ranchi,23.35,85.33333,NA,NA,NA,838,103,120,138,182,244,342,480,549,607,712,844,969,1107,1262,1423,1602,1793,NA,NA
21392,845,356,India,Salem,11.65,78.16667,NA,NA,NA,845,197,231,268,327,404,458,511,544,574,647,736,818,907,1003,1109,1244,1394,NA,NA
21411,854,356,India,Srinagar,34.083658,74.797363,NA,NA,NA,854,248,268,289,342,412,494,592,661,730,833,954,1092,1251,1429,1612,1814,2030,NA,NA
21412,855,356,India,Surat,21.16667,72.83333,NA,NA,NA,855,234,269,311,384,477,642,877,1139,1468,1984,2699,3475,4438,5650,6827,7755,8616,NA,NA
21415,857,356,India,Thiruvananthapuram,8.50694,76.95694,NA,NA,NA,857,182,208,236,302,394,454,512,636,801,965,1153,1378,1648,1965,2279,2576,2878,NA,NA
21416,859,356,India,Thrissur,10.51667,76.21667,NA,NA,NA,859,69,71,73,74,76,120,203,344,585,805,1050,1371,1790,2329,2859,3270,3651,NA,NA
21417,860,356,India,Tiruchirappalli,10.805,78.68556,NA,NA,NA,860,287,313,336,388,454,522,599,652,705,768,837,919,1009,1106,1216,1362,1525,NA,NA
21420,863,356,India,Tiruppur,11.11541,77.35456,NA,NA,NA,863,59,75,95,118,146,176,211,251,299,392,523,696,927,1230,1532,1762,1974,NA,NA
21430,867,356,India,Vadodara,22.3,73.2,NA,NA,NA,867,207,249,302,370,453,571,722,891,1096,1273,1465,1625,1794,1975,2176,2432,2716,2,1
21433,868,356,India,Varanasi (Benares),25.316426,82.982198,NA,NA,NA,868,349,409,480,537,597,680,777,887,1013,1106,1199,1304,1419,1541,1683,1880,2102,NA,NA
21435,870,356,India,Vijayawada,16.51667,80.61667,NA,NA,NA,870,155,190,229,277,335,419,527,658,821,914,999,1197,1453,1760,2063,2338,2614,NA,NA
21436,871,356,India,Visakhapatnam,17.681874,83.209685,NA,NA,NA,871,105,144,202,267,349,452,583,770,1018,1168,1309,1490,1700,1935,2178,2447,2733,NA,NA
21447,877,360,Indonesia,Bandung,-6.919393,107.608456,NA,NA,NA,877,511,679,902,1052,1170,1304,1452,1716,2035,2097,2138,2265,2399,2544,2771,3103,3433,NA,NA
21452,881,360,Indonesia,Bogor,-6.606481,106.801891,NA,NA,NA,881,113,130,149,204,300,406,535,569,596,668,751,847,954,1076,1221,1385,1541,NA,NA
21454,884,360,Indonesia,Jakarta,-6.211831,106.841646,NA,NA,NA,884,1452,1972,2679,3297,3915,4813,5984,7009,8175,8322,8390,8988,9630,10323,11298,12589,13812,9,10
21461,890,360,Indonesia,Medan,3.58333,98.66667,NA,NA,NA,890,284,358,451,532,614,876,1340,1533,1718,1816,1912,2004,2101,2204,2385,2669,2955,NA,NA
21463,892,360,Indonesia,Palembang,-2.91673,104.7458,NA,NA,NA,892,277,351,446,512,568,660,779,937,1130,1287,1459,1457,1455,1455,1527,1701,1888,NA,NA
21467,893,360,Indonesia,Pekan Baru,0.53333,101.45,NA,NA,NA,893,37,49,66,88,117,148,184,266,389,481,588,729,904,1121,1354,1556,1731,NA,NA
21472,896,360,Indonesia,Semarang,-6.9932,110.4203,NA,NA,NA,896,371,424,485,552,627,783,1009,1126,1243,1333,1427,1491,1558,1630,1761,1972,2188,NA,NA
21474,898,360,Indonesia,Surabaya,-7.288838,112.741078,NA,NA,NA,898,679,808,962,1184,1474,1736,2008,2229,2467,2544,2611,2688,2768,2853,3051,3401,3760,2,2
21479,886,360,Indonesia,Makassar (Ujung Pandang),-5.144396,119.423639,NA,NA,NA,886,223,283,361,399,418,502,629,755,902,989,1077,1200,1336,1489,1676,1895,2104,2,2
21482,902,364,Iran (Islamic Republic of),Ahvaz,31.3203,48.6693,NA,NA,NA,902,85,112,146,192,246,313,410,541,685,784,868,960,1077,1216,1355,1474,1575,1,1
21493,906,364,Iran (Islamic Republic of),Esfahan,32.65722,51.67761,NA,NA,NA,906,184,237,306,395,498,623,767,939,1090,1230,1382,1553,1714,1880,2054,2220,2364,2,2
21499,910,364,Iran (Islamic Republic of),Karaj,35.8355,51.0103,NA,NA,NA,910,7,12,22,38,67,118,239,508,753,905,1087,1317,1551,1807,2054,2239,2386,NA,NA
21508,915,364,Iran (Islamic Republic of),Mashhad,36.297,59.6062,NA,NA,NA,915,173,225,293,381,489,625,892,1327,1680,1854,2073,2348,2661,3014,3362,3639,3863,2,3
21514,919,364,Iran (Islamic Republic of),Qom,34.6401,50.8764,NA,NA,NA,919,82,96,111,129,168,227,330,492,644,752,843,938,1060,1204,1348,1467,1568,NA,NA
21520,923,364,Iran (Islamic Republic of),Shiraz,29.6036,52.5388,NA,NA,NA,923,128,160,202,254,319,400,549,779,935,1030,1115,1203,1395,1661,1915,2094,2233,1,1
21522,924,364,Iran (Islamic Republic of),Tabriz,38.08,46.2919,NA,NA,NA,924,235,277,327,386,466,567,715,915,1058,1165,1264,1369,1469,1572,1691,1822,1943,2,1
21523,925,364,Iran (Islamic Republic of),Tehran,35.69439,51.42151,NA,NA,NA,925,1041,1396,1873,2511,3290,4273,5079,5839,6365,6687,7128,7652,8059,8432,8909,9481,9990,12,12
21528,937,368,Iraq,Irbil (Erbil),36.19257,44.01062,NA,NA,NA,937,30,37,53,88,130,191,279,408,536,644,757,874,1009,1166,1348,1552,1766,1,1
21529,933,368,Iraq,Baghdad,33.34058,44.40088,NA,NA,NA,933,579,719,1019,1614,2070,2620,3145,3607,4092,4598,5200,5327,5891,6643,7544,8602,9710,1,1
21530,929,368,Iraq,Al-Basrah (Basra),30.49721,47.81491,NA,NA,NA,929,116,147,204,304,329,350,372,395,474,631,759,837,923,1019,1144,1310,1491,NA,NA
21536,930,368,Iraq,Al-Mawsil (Mosul),36.335,43.1188889,NA,NA,NA,930,145,168,205,261,322,397,489,603,736,889,1056,1236,1447,1694,1976,2276,2586,NA,NA
21540,944,368,Iraq,Sulaimaniya,35.5616667,45.4408333,NA,NA,NA,944,37,45,59,85,118,163,226,314,402,483,580,696,836,1004,1191,1379,1571,1,1
21542,945,372,Ireland,Dublin,53.33306,-6.24889,NA,NA,NA,945,626,647,661,723,771,833,903,920,916,946,989,1037,1100,1169,1260,1364,1467,2,2
21546,947,376,Israel,Hefa (Haifa),32.813261,34.991355,NA,NA,NA,947,204,228,255,286,321,379,460,555,660,784,905,996,1047,1097,1154,1230,1314,NA,NA
21549,949,376,Israel,Tel Aviv-Yafo (Tel Aviv-Jaffa),32.08088,34.78057,NA,NA,NA,949,418,556,738,882,1029,1216,1448,1724,2053,2445,2739,3024,3311,3608,3886,4137,4382,12,13
21571,963,380,Italy,Milano (Milan),45.55307,9.18344,NA,NA,NA,963,1883,2099,2395,2695,3017,3133,3168,3128,3063,3020,2985,3010,3056,3099,3124,3142,3162,16,15
21574,965,380,Italy,Napoli (Naples),40.850178,14.259213,NA,NA,NA,965,1498,1617,1758,1880,2000,2096,2186,2209,2208,2218,2232,2227,2216,2202,2193,2205,2226,7,4
21588,972,380,Italy,Roma (Rome),41.894743,12.481142,NA,NA,NA,972,1884,2143,2456,2780,3135,3300,3390,3429,3450,3425,3385,3465,3592,3718,3796,3823,3842,50,53
21597,976,380,Italy,Torino (Turin),45.068672,7.677218,NA,NA,NA,976,1011,1149,1348,1547,1760,1838,1860,1827,1775,1733,1694,1706,1737,1765,1785,1804,1825,4,5
21602,590,384,Côte d'Ivoire,Abidjan,5.345339,-4.026789,NA,NA,NA,590,65,125,192,310,548,966,1384,1716,2102,2535,3028,3545,4150,4860,5748,6729,7773,1,1
21671,999,392,Japan,Tokyo,35.6895,139.69171,NA,NA,1964,999,11275,13713,16679,20284,23298,26615,28549,30304,32530,33587,34450,35622,36834,38001,38323,37876,37190,35,35
21682,1006,398,Kazakhstan,Almaty,43.247189,76.910127,NA,NA,NA,1006,354,435,529,626,740,860,973,1030,1080,1109,1160,1275,1401,1523,1585,1654,1730,7,7
21700,1001,400,Jordan,Amman,31.95522,35.94503,NA,NA,NA,1001,90,140,218,299,388,500,636,736,851,974,1017,1062,1109,1155,1162,1251,1355,21,21
21708,1015,404,Kenya,Mombasa,-4.05466,39.66359,NA,NA,NA,1015,94,123,160,205,254,298,350,407,476,572,683,802,940,1104,1326,1619,1973,NA,NA
21711,1016,404,Kenya,Nairobi,-1.28333,36.81667,NA,NA,NA,1016,137,201,293,404,531,677,862,1090,1380,1755,2214,2677,3237,3915,4792,5870,7140,3,3
21722,602,408,Dem. People's Republic of Korea,P'yongyang,39.03385,125.75432,NA,NA,NA,602,516,577,646,769,987,1348,1842,2195,2526,2749,2777,2805,2833,2863,2945,3112,3277,NA,NA
21729,1251,410,Republic of Korea,Changwon,35.22806,128.68111,NA,NA,NA,1251,90,109,133,162,232,504,604,745,924,1041,1077,1080,1060,1039,1039,1062,1090,NA,NA
21750,1259,410,Republic of Korea,Gwangju,35.146111,126.918611,NA,NA,NA,1259,174,231,307,382,487,601,719,896,1122,1233,1343,1409,1471,1536,1599,1645,1682,NA,NA
21757,1250,410,Republic of Korea,Busan,35.10278,129.04028,NA,NA,NA,1250,948,1046,1154,1365,1813,2418,3104,3440,3772,3697,3594,3450,3329,3216,3174,3213,3264,2,3
21758,1266,410,Republic of Korea,Seoul,37.56826,126.97783,NA,NA,NA,1266,1623,2302,3301,4707,6913,8894,11178,13326,15892,16839,18034,18957,19450,19964,20525,20965,21307,43,42
21763,1254,410,Republic of Korea,Daegu,35.87028,128.59111,NA,NA,NA,1254,355,484,659,806,1048,1297,1582,1869,2203,2273,2323,2315,2279,2244,2245,2284,2328,NA,NA
21764,1255,410,Republic of Korea,Daejon,36.32139,127.41972,NA,NA,NA,1255,131,172,224,294,400,501,641,813,1032,1186,1354,1433,1498,1564,1627,1674,1711,NA,NA
21769,1018,414,Kuwait,Al Kuwayt (Kuwait City),29.353429,47.982244,NA,NA,NA,1018,63,106,179,303,553,688,891,1122,1392,1095,1300,1551,2102,2779,3202,3571,3915,10,10
21773,1022,422,Lebanon,Bayrut (Beirut),33.9,35.48333,NA,NA,NA,1022,322,425,561,733,923,1500,1623,1585,1293,1268,1487,1777,1990,2226,2252,2347,2437,9,9
21779,1023,430,Liberia,Monrovia,6.30054,-10.7969,NA,NA,NA,1023,35,40,75,121,164,226,325,514,1042,464,836,1202,1056,1264,1486,1742,2032,NA,NA
21782,1026,434,Libya,Tarabulus (Tripoli),32.87519,13.18746,NA,NA,NA,1026,106,136,174,235,398,580,662,756,862,984,1022,1058,1095,1126,1167,1249,1333,3,3
21792,1028,450,Madagascar,Antananarivo,-18.91368,47.53613,NA,NA,NA,1028,177,189,252,298,363,454,580,742,948,1169,1361,1561,2021,2610,3306,4131,5073,NA,NA
21818,1042,466,Mali,Bamako,12.65,-8,NA,NA,NA,1042,89,111,130,158,222,363,489,608,746,910,1142,1486,1933,2515,3270,4175,5231,NA,NA
21824,1045,484,Mexico,Aguascalientes,21.88333,-102.3,NA,NA,NA,1045,94,109,127,153,185,233,295,405,553,651,763,844,934,1031,1123,1208,1287,NA,NA
21830,1050,484,Mexico,Ciudad Juárez,31.73333,-106.48333,NA,NA,NA,1050,123,177,253,324,412,474,546,664,809,1001,1223,1277,1333,1390,1457,1553,1650,NA,NA
21841,1060,484,Mexico,Guadalajara,20.66667,-103.33333,NA,NA,NA,1060,403,593,870,1148,1506,1850,2269,2622,3023,3357,3724,4067,4442,4843,5210,5544,5837,1,1
21847,1063,484,Mexico,León de los Aldamas,21.123373,-101.680486,NA,NA,NA,1063,176,224,286,363,460,563,690,828,991,1127,1280,1437,1613,1807,1983,2131,2260,NA,NA
21851,1066,484,Mexico,Mérida,20.96667,-89.61667,NA,NA,NA,1066,143,173,208,235,269,351,456,538,634,717,810,888,975,1068,1156,1243,1323,1,1
21852,1067,484,Mexico,Mexicali,32.65194,-115.46833,NA,NA,NA,1067,66,108,175,217,266,302,343,458,606,684,770,850,938,1034,1124,1209,1288,NA,NA
21853,1049,484,Mexico,Ciudad de México (Mexico City),19.427318,-99.141869,NA,NA,NA,1049,3365,4294,5479,6969,8831,10734,13028,14278,15642,17017,18457,19276,20132,20999,21868,22916,23865,19,18
21855,1070,484,Mexico,Monterrey,25.66667,-100.31667,NA,NA,NA,1070,396,539,735,979,1299,1633,2049,2349,2691,3030,3405,3742,4113,4513,4875,5194,5471,1,1
21862,1077,484,Mexico,Puebla,19.041532,-98.204962,NA,NA,NA,1077,298,339,387,508,664,823,1021,1359,1790,2025,2285,2499,2733,2984,3217,3433,3628,NA,NA
21863,1079,484,Mexico,Querétaro,20.6,-100.38333,NA,NA,NA,1079,49,58,68,89,116,159,218,360,586,696,825,953,1100,1267,1417,1532,1630,NA,NA
21866,1082,484,Mexico,San Luis Potosí,22.15,-100.98333,NA,NA,NA,1082,166,185,207,250,303,378,472,561,664,755,857,945,1042,1147,1246,1340,1426,NA,NA
21871,1086,484,Mexico,Tijuana,32.53333,-117.01667,NA,NA,NA,1086,60,96,154,212,289,355,437,597,812,1058,1365,1548,1755,1987,2195,2360,2502,1,1
21872,1088,484,Mexico,Toluca de Lerdo,19.283896,-99.657254,NA,NA,NA,1088,80,95,112,134,167,317,600,824,1121,1323,1553,1736,1940,2164,2367,2539,2690,NA,NA
21873,1089,484,Mexico,Torreón,25.539231,-103.461434,NA,NA,NA,1089,217,254,296,317,344,433,544,697,882,945,1014,1111,1218,1332,1441,1546,1643,NA,NA
21882,1095,496,Mongolia,Ulaanbaatar,47.90771,106.88324,NA,NA,NA,1095,70,112,179,248,298,356,423,492,572,661,765,933,1138,1377,1579,1734,1850,NA,NA
21891,1097,504,Morocco,Dar-el-Beida (Casablanca),33.59278,-7.61916,NA,NA,NA,1097,625,778,967,1206,1505,1793,2109,2406,2682,2963,3134,3301,3405,3515,3736,4056,4361,11,13
21893,1098,504,Morocco,Fès,34.03715,-4.9998,NA,NA,NA,1098,165,215,280,322,369,433,510,594,685,785,868,960,1061,1172,1305,1439,1559,NA,NA
21896,1100,504,Morocco,Marrakech,31.63148,-8.00828,NA,NA,NA,1100,209,225,243,280,323,367,416,485,578,680,751,837,974,1134,1306,1450,1572,2,2
21899,1103,504,Morocco,Rabat,34.01325,-6.83255,NA,NA,NA,1103,145,184,233,339,494,641,808,986,1174,1379,1507,1647,1799,1967,2172,2385,2574,NA,NA
21910,1108,508,Mozambique,Maputo,-25.96528,32.58917,NA,NA,NA,1108,92,129,181,259,371,456,550,653,776,921,1019,1072,1127,1187,1311,1560,1893,4,4
21928,1118,524,Nepal,Kathmandu,27.70169,85.3206,NA,NA,NA,1118,104,110,119,132,147,180,225,297,398,509,644,793,971,1183,1395,1618,1855,NA,NA
21930,1120,528,Netherlands,Amsterdam,52.37403,4.88969,NA,NA,NA,1120,851,871,895,942,927,978,941,907,936,988,1005,1024,1057,1091,1140,1182,1213,28,27
21957,1125,554,New Zealand,Auckland,-36.86667,174.76667,NA,NA,NA,1125,319,387,440,532,635,729,774,812,870,976,1063,1189,1269,1344,1426,1502,1574,5,6
21972,1129,562,Niger,Niamey,13.51366,2.1098,NA,NA,NA,1129,24,37,58,85,129,198,275,347,438,552,696,816,943,1090,1324,1744,2363,NA,NA
21976,1134,566,Nigeria,Abuja,9.05735,7.48976,NA,NA,NA,1134,19,21,23,29,48,77,125,204,330,526,833,1316,1814,2440,3211,4043,4913,1,NA
21981,1138,566,Nigeria,Benin City,6.33504,5.62749,NA,NA,NA,1138,49,62,83,113,163,233,335,480,689,845,975,1124,1296,1496,1781,2195,2667,NA,NA
21990,1144,566,Nigeria,Ibadan,7.38778,3.89639,NA,NA,NA,1144,450,493,570,668,809,980,1186,1436,1739,1993,2236,2509,2814,3160,3696,4533,5499,NA,NA
22004,1150,566,Nigeria,Kaduna,10.52224,7.43828,NA,NA,NA,1150,35,53,99,163,211,293,407,565,785,832,881,933,988,1048,1181,1438,1748,NA,NA
22005,1151,566,Nigeria,Kano,12.00012,8.51672,NA,NA,NA,1151,123,157,229,343,542,855,1350,1861,2095,2339,2602,2895,3221,3587,4172,5111,6198,NA,NA
22007,1153,566,Nigeria,Lagos,6.45306,3.39583,NA,NA,NA,1153,325,468,762,1135,1414,1890,2572,3500,4764,5983,7281,8859,10781,13123,16168,20030,24239,1,2
22013,1163,566,Nigeria,Onitsha,6.14543,6.78845,NA,NA,NA,1163,74,91,129,171,195,224,257,294,337,418,533,681,869,1109,1411,1765,2147,NA,NA
22018,1167,566,Nigeria,Port Harcourt,4.77742,7.0134,NA,NA,NA,1167,60,88,135,198,266,358,482,604,680,845,1091,1407,1816,2343,3000,3756,4562,NA,NA
22038,1177,586,Pakistan,Faisalabad,31.4166667,73.0833333,NA,NA,NA,1177,168,261,404,546,726,907,1079,1281,1520,1804,2142,2542,3017,3567,4142,4767,5419,1,1
22039,1178,586,Pakistan,Gujranwala,32.15,74.1833333,NA,NA,NA,1178,118,149,191,247,321,427,577,705,848,1019,1226,1474,1772,2122,2487,2873,3274,NA,NA
22041,1180,586,Pakistan,Hyderabad,25.3666667,68.3666667,NA,NA,NA,1180,232,312,420,500,586,667,741,838,950,1077,1221,1384,1569,1772,1999,2292,2613,NA,NA
22042,1181,586,Pakistan,Islamabad,33.70351,73.059373,NA,NA,NA,1181,36,41,45,56,70,107,189,260,343,452,597,788,1039,1365,1699,1992,2275,4,4
22044,1183,586,Pakistan,Karachi,24.9056,67.0822,NA,NA,NA,1183,1055,1419,1853,2405,3119,3989,5048,6033,7147,8467,10032,11885,14081,16618,19230,22009,24838,7,7
22046,1185,586,Pakistan,Lahore,31.5497222,74.3436111,NA,NA,NA,1185,836,1022,1264,1575,1964,2399,2882,3388,3970,4653,5452,6389,7487,8741,10054,11515,13033,11,11
22048,1188,586,Pakistan,Multan,30.1833333,71.4833333,NA,NA,NA,1188,186,251,345,419,501,599,715,827,953,1097,1263,1454,1674,1921,2189,2514,2866,2,2
22051,1191,586,Pakistan,Peshawar,34.00195,71.55944,NA,NA,NA,1191,153,178,214,238,262,347,535,653,769,905,1066,1256,1480,1736,2008,2315,2640,2,2
22052,1192,586,Pakistan,Quetta,30.199,67.00971,NA,NA,NA,1192,83,93,105,123,145,190,272,339,414,504,615,749,913,1109,1312,1522,1740,NA,NA
22054,1194,586,Pakistan,Rawalpindi,33.6,73.0666667,NA,NA,NA,1194,233,278,333,426,550,670,779,919,1087,1286,1521,1798,2127,2506,2904,3346,3809,NA,NA
22063,1200,591,Panama,Ciudad de Panamá (Panama City),8.995816,-79.519572,NA,NA,NA,1200,171,220,283,360,455,528,613,721,849,1017,1216,1352,1504,1673,1853,2038,2221,7,7
22065,1202,600,Paraguay,Asunción,-25.30066,-57.63591,NA,NA,NA,1202,258,314,382,461,552,654,770,914,1091,1285,1499,1749,2040,2356,2608,2869,3135,NA,NA
22078,1210,604,Peru,Lima,-12.04318,-77.02824,NA,NA,NA,1210,1066,1368,1756,2284,2980,3696,4438,5116,5837,6582,7294,8081,8955,9897,10756,11534,12221,6,5
22099,1222,608,Philippines,Davao City,7.073854,125.612487,NA,NA,NA,1222,124,169,230,302,395,488,614,724,854,1001,1152,1294,1455,1630,1796,1987,2216,NA,NA
22109,1229,608,Philippines,Manila,14.6042,120.9822,NA,NA,NA,1229,1544,1872,2274,2829,3534,4999,5955,6888,7973,9401,9962,10884,11891,12946,13942,15200,16756,5,5
22161,1239,616,Poland,Warszawa (Warsaw),52.22977,21.01178,NA,NA,NA,1239,768,942,1119,1212,1300,1444,1565,1596,1628,1652,1666,1684,1703,1722,1751,1771,1791,6,6
22167,1241,620,Portugal,Lisboa (Lisbon),38.71686,-9.139867,NA,NA,NA,1241,1304,1405,1514,1657,1817,2103,2449,2518,2537,2600,2672,2742,2812,2884,2995,3108,3192,27,25
22168,1242,620,Portugal,Porto,41.14961,-8.61099,NA,NA,NA,1242,730,783,840,882,924,1008,1104,1139,1164,1206,1254,1272,1285,1299,1339,1395,1443,4,4
22177,1244,630,Puerto Rico,San Juan,18.46633,-66.10572,NA,NA,NA,1244,451,517,596,740,915,1069,1258,1722,2327,2418,2508,2493,2478,2463,2457,2473,2468,5,4
22191,1273,642,Romania,Bucuresti (Bucharest),44.432787,26.104302,NA,NA,NA,1273,652,856,1002,1154,1396,1702,1865,1950,2040,2018,1949,1912,1889,1868,1873,1918,1939,10,10
22241,1282,643,Russian Federation,Chelyabinsk,55.15444,61.42972,NA,NA,NA,1282,573,638,711,792,881,966,1046,1098,1129,1104,1082,1096,1128,1157,1170,1180,1187,NA,NA
22248,1338,643,Russian Federation,Yekaterinburg,56.8575,60.6125,NA,NA,NA,1338,628,712,808,916,1035,1135,1231,1303,1350,1326,1303,1312,1348,1379,1391,1400,1407,NA,NA
22266,1290,643,Russian Federation,Kazan,55.78874,49.12214,NA,NA,NA,1290,514,588,673,769,875,942,1007,1056,1092,1092,1096,1118,1142,1162,1169,1177,1185,1,1
22283,1295,643,Russian Federation,Krasnoyarsk,56.00972,92.79167,NA,NA,NA,1295,290,357,438,538,655,734,812,868,910,911,911,932,972,1008,1028,1039,1047,NA,NA
22299,1301,643,Russian Federation,Moskva (Moscow),55.754996,37.621849,NA,NA,NA,1301,5356,5749,6170,6622,7106,7623,8136,8580,8987,9201,10005,10751,11461,12166,12474,12382,12200,34,33
22310,1303,643,Russian Federation,Nizhniy Novgorod,56.32867,44.00205,NA,NA,NA,1303,796,878,969,1070,1178,1273,1357,1401,1420,1375,1331,1290,1253,1212,1157,1107,1060,NA,NA
22322,1306,643,Russian Federation,Novosibirsk,55.0415,82.9346,NA,NA,NA,1306,719,813,919,1039,1168,1250,1329,1387,1430,1428,1426,1442,1472,1497,1504,1511,1517,NA,1
22327,1307,643,Russian Federation,Omsk,55,73.4,NA,NA,NA,1307,444,520,608,712,830,933,1032,1097,1144,1140,1136,1141,1153,1162,1161,1168,1175,NA,NA
22345,1312,643,Russian Federation,Rostov-na-Donu (Rostov-on-Don),47.217791,39.703185,NA,NA,NA,1312,484,549,622,704,796,874,946,986,1022,1041,1061,1077,1089,1097,1096,1103,1110,NA,NA
22351,1314,643,Russian Federation,Samara,53.20006,50.15,NA,NA,NA,1314,658,741,835,940,1055,1146,1221,1241,1244,1208,1173,1160,1164,1164,1158,1163,1171,1,1
22365,1315,643,Russian Federation,Sankt Peterburg (Saint Petersburg),59.929858,30.326228,NA,NA,NA,1315,2903,3141,3398,3677,3980,4325,4645,4844,4989,4836,4719,4734,4872,4993,5020,4997,4955,6,6
22378,1326,643,Russian Federation,Ufa,54.78517,56.04562,NA,NA,NA,1326,418,489,573,670,782,887,985,1041,1078,1063,1049,1049,1062,1070,1070,1077,1085,NA,NA
22389,1332,643,Russian Federation,Volgograd,48.71939,44.50184,NA,NA,NA,1332,461,534,618,716,823,884,939,973,999,1005,1010,1016,1021,1022,1018,1024,1032,NA,NA
22404,1339,646,Rwanda,Kigali,-1.947364,30.057897,NA,NA,NA,1339,20,26,34,45,59,90,128,168,219,320,578,857,1044,1257,1484,1847,2268,1,1
22416,1340,682,Saudi Arabia,Ad-Dammam,26.43442,50.10326,NA,NA,NA,1340,20,26,35,51,84,136,196,283,409,533,639,765,909,1064,1166,1251,1321,7,8
22421,1347,682,Saudi Arabia,Jiddah,21.51694,39.21917,NA,NA,NA,1347,119,129,141,197,348,594,851,1217,1742,2200,2509,2883,3452,4076,4475,4770,4988,15,14
22426,1350,682,Saudi Arabia,Makkah (Mecca),21.417368,39.815855,NA,NA,NA,1350,148,152,157,190,272,383,501,655,856,1033,1168,1326,1543,1771,1912,2039,2146,NA,NA
22427,1341,682,Saudi Arabia,Al-Madinah (Medina),24.463501,39.611106,NA,NA,NA,1341,51,54,58,77,129,208,284,388,529,669,795,942,1106,1280,1391,1488,1570,7,7
22432,1342,682,Saudi Arabia,Ar-Riyadh (Riyadh),24.690466,46.709566,NA,NA,NA,1342,111,131,156,227,408,710,1055,1566,2325,3035,3567,4227,5227,6370,7133,7617,7940,18,16
22439,1354,686,Senegal,Dakar,14.6937,-17.44406,NA,NA,NA,1354,214,235,359,473,610,782,957,1162,1405,1688,2029,2438,2929,3520,4246,5099,6046,NA,NA
22445,1356,694,Sierra Leone,Freetown,8.484,-13.22994,NA,NA,NA,1356,92,104,119,148,206,284,364,466,535,608,690,784,891,1007,1130,1288,1470,NA,NA
22447,1357,702,Singapore,Singapore,1.28967,103.85007,NA,NA,NA,1357,1016,1306,1634,1880,2074,2262,2415,2709,3016,3483,3918,4496,5079,5619,6057,6334,6578,21,18
22456,1676,704,Viet Nam,Hai Phòng,20.86481,106.68345,NA,NA,NA,1676,122,148,180,220,267,326,390,423,463,521,599,730,889,1075,1249,1414,1569,NA,NA
22457,1675,704,Viet Nam,Hà Noi,21.0245,105.84117,NA,NA,NA,1675,261,330,417,507,617,752,899,1004,1139,1360,1660,2160,2811,3629,4389,4989,5498,3,3
22458,1679,704,Viet Nam,Thành Pho Ho Chí Minh (Ho Chi Minh City),10.75,106.66667,NA,NA,NA,1679,1213,1303,1400,1660,1970,2336,2716,2820,3038,3658,4389,5212,6189,7298,8309,9296,10200,7,7
22477,1363,706,Somalia,Muqdisho (Mogadishu),2.041636,45.343492,NA,NA,NA,1363,55,71,94,144,256,445,551,747,1035,1147,1201,1415,1426,2138,2782,3441,4176,NA,NA
22481,1365,710,South Africa,Cape Town,-33.92584,18.42322,NA,NA,NA,1365,618,705,803,945,1114,1339,1609,1925,2155,2394,2715,3026,3345,3660,3860,4091,4322,2,2
22482,1366,710,South Africa,Durban,-29.8579,31.0292,NA,NA,NA,1366,484,573,677,761,856,1019,1214,1446,1723,2081,2370,2561,2739,2901,2996,3166,3349,1,1
22486,1368,710,South Africa,Johannesburg,-26.20227,28.04363,NA,NA,NA,1368,1653,1880,2137,2432,2764,2975,3202,3446,3709,4529,5605,6726,7992,9399,10361,11032,11573,18,19
22499,1370,710,South Africa,Port Elizabeth,-33.91799,25.57007,NA,NA,NA,1370,192,236,289,372,477,531,590,662,828,911,958,1024,1104,1179,1226,1305,1390,1,1
22501,1371,710,South Africa,Pretoria,-25.74486,28.18783,NA,NA,NA,1371,275,340,419,488,565,624,688,763,911,951,1084,1334,1666,2059,2352,2546,2701,NA,NA
22505,1374,710,South Africa,Vereeniging,-26.67313,27.92615,NA,NA,NA,1374,117,148,187,239,306,372,451,551,743,800,897,989,1074,1155,1208,1286,1370,NA,NA
22513,1692,716,Zimbabwe,Harare,-17.82935,31.05389,NA,NA,NA,1692,143,192,248,319,417,532,616,778,1047,1255,1379,1450,1475,1501,1598,1793,2048,2,1
22525,1378,724,Spain,Barcelona,41.38879,2.15899,NA,NA,NA,1378,1809,2103,2468,2930,3482,3679,3837,3969,4101,4227,4355,4612,4934,5258,5478,5604,5685,24,23
22549,1382,724,Spain,Madrid,40.4165,-3.70256,NA,NA,NA,1382,1700,2018,2392,2898,3521,3890,4253,4355,4414,4688,5014,5383,5787,6199,6476,6621,6707,38,39
22579,1394,729,Sudan,Al-Khartum (Khartoum),15.55177,32.53241,NA,NA,NA,1394,183,252,347,477,657,886,1164,1611,2360,3088,3505,3979,4517,5129,5905,6929,8158,NA,NA
22597,1400,752,Sweden,Stockholm,59.33258,18.0649,NA,NA,NA,1400,741,772,805,1003,1035,1015,992,1012,1038,1138,1206,1248,1360,1486,1589,1678,1757,38,42
22606,1405,756,Switzerland,Zürich (Zurich),47.35785,8.50296,NA,NA,NA,1405,494,514,535,614,711,713,707,836,1006,1048,1078,1130,1186,1246,1323,1406,1494,34,35
22608,1411,760,Syrian Arab Republic,Halab (Aleppo),36.213611,37.157141,NA,NA,NA,1411,378,427,482,588,721,879,1070,1292,1554,1864,2204,2605,3078,3562,4140,4600,5087,NA,NA
22610,1410,760,Syrian Arab Republic,Dimashq (Damascus),33.508586,36.308444,NA,NA,NA,1410,414,490,580,727,914,1122,1376,1546,1691,1848,2017,2201,2401,2566,2833,3116,3451,NA,NA
22612,1412,760,Syrian Arab Republic,Hamah,35.13179,36.75783,NA,NA,NA,1412,90,117,153,172,192,215,241,273,309,361,495,676,925,1237,1581,1800,2003,NA,NA
22613,1413,760,Syrian Arab Republic,Hims (Homs),34.731809,36.718125,NA,NA,NA,1413,102,128,159,200,251,312,387,470,565,684,856,1072,1341,1641,1981,2225,2471,NA,NA
22617,1420,764,Thailand,Krung Thep (Bangkok),13.721964,100.525248,NA,NA,NA,1420,1360,1712,2151,2584,3110,3842,4723,5279,5888,6106,6360,7228,8213,9270,10137,10953,11528,NA,NA
22632,1474,784,United Arab Emirates,Abu Zaby (Abu Dhabi),24.464778,54.361781,NA,NA,NA,1474,4,8,16,32,62,120,229,279,331,392,505,655,879,1145,1323,1471,1608,18,18
22635,1477,784,United Arab Emirates,Dubayy (Dubai),25.272061,55.311265,NA,NA,NA,1477,20,27,36,49,80,167,254,345,473,650,907,1268,1778,2415,2862,3189,3471,29,28
22637,1478,784,United Arab Emirates,Sharjah,25.35731,55.4033,NA,NA,NA,1478,2,4,7,14,28,54,117,169,229,311,445,640,919,1279,1542,1730,1890,3,3
22646,1429,788,Tunisia,Tunis,36.81897,10.16579,NA,NA,NA,1429,472,528,588,655,761,893,1047,1234,1472,1700,1769,1841,1916,1993,2093,2222,2347,10,10
22647,1430,792,Turkey,Adana,37.00167,35.32889,NA,NA,NA,1430,138,197,272,342,402,471,568,763,907,1011,1123,1320,1558,1830,2049,2214,2351,1,1
22656,1431,792,Turkey,Ankara,39.91987,32.85427,NA,NA,NA,1431,281,439,635,954,1341,1709,1891,2213,2561,2842,3179,3638,4166,4750,5208,5571,5875,2,2
22658,1432,792,Turkey,Antalya,36.90812,30.69556,NA,NA,NA,1432,27,37,51,70,95,128,185,256,370,471,595,736,909,1072,1197,1295,1381,3,3
22670,1434,792,Turkey,Bursa,40.19167,29.06111,NA,NA,NA,1434,148,184,221,301,325,345,478,604,819,981,1180,1393,1640,1923,2151,2322,2465,NA,NA
22683,1440,792,Turkey,Gaziantep,37.05944,37.3825,NA,NA,NA,1440,104,140,180,232,264,299,370,472,595,710,844,1045,1296,1528,1703,1839,1955,2,2
22691,1442,792,Turkey,Istanbul,41.0138,28.9497,NA,NA,NA,1442,967,1249,1453,2001,2772,3600,4397,5407,6552,7665,8744,10513,12703,14164,15099,15959,16694,68,71
22692,1443,792,Turkey,Izmir,38.41273,27.13838,NA,NA,NA,1443,224,292,356,559,876,1046,1216,1472,1741,1966,2216,2467,2745,3040,3275,3499,3701,2,2
22705,1447,792,Turkey,Konya,37.87135,32.48464,NA,NA,NA,1447,97,138,181,238,244,247,344,433,508,610,734,866,1019,1194,1337,1448,1542,1,1
22744,1458,800,Uganda,Kampala,0.31628,32.58219,NA,NA,NA,1458,95,110,137,222,340,398,469,595,755,912,1097,1320,1594,1936,2383,3055,3939,1,1
22762,1461,804,Ukraine,Kharkiv,49.98081,36.25272,NA,NA,NA,1461,758,856,968,1094,1233,1353,1466,1544,1586,1534,1484,1464,1453,1441,1426,1410,1393,NA,NA
22765,1463,804,Ukraine,Kyiv (Kiev),50.445368,30.518634,NA,NA,NA,1463,815,974,1163,1389,1655,1926,2201,2410,2574,2590,2606,2673,2806,2942,3032,3052,3038,19,19
22782,1469,804,Ukraine,Odesa,46.47747,30.73262,NA,NA,NA,1469,532,608,693,791,899,982,1054,1081,1092,1064,1037,1007,1009,1010,1015,1024,1031,2,2
22804,629,818,Egypt,Al-Iskandariyah (Alexandria),31.192471,29.904596,NA,NA,NA,629,1037,1249,1504,1752,1987,2241,2521,2834,3056,3244,3546,3919,4333,4778,5225,5733,6313,1,NA
22812,633,818,Egypt,Al-Qahirah (Cairo),30.039173,31.239411,NA,NA,NA,633,2494,3029,3680,4738,5585,6450,7349,8328,9892,11962,13626,15174,16899,18772,20568,22432,24502,17,18
22835,1481,826,United Kingdom,Birmingham (West Midlands),52.4814,-1.8998,NA,NA,NA,1481,2229,2283,2338,2357,2370,2365,2357,2330,2301,2289,2280,2346,2429,2515,2610,2713,2808,2,2
22860,1492,826,United Kingdom,London,51.50853,-0.12574,NA,NA,NA,1492,8361,8278,8196,7869,7509,7546,7660,7848,8054,8323,8613,9119,9699,10313,10849,11207,11467,119,111
22862,1493,826,United Kingdom,Manchester,53.48095,-2.23743,NA,NA,NA,1493,2422,2425,2427,2413,2396,2370,2343,2313,2282,2308,2345,2434,2538,2646,2758,2868,2968,17,18
22894,1508,834,United Republic of Tanzania,Dar es Salaam,-6.82349,39.26951,NA,NA,NA,1508,84,117,162,233,357,572,855,1137,1474,1830,2272,2927,3870,5116,6727,8593,10760,NA,NA
22922,1520,840,United States of America,Atlanta,33.76,-84.4,NA,NA,NA,1520,513,631,776,959,1182,1386,1625,1879,2184,2781,3522,4001,4544,5142,5607,5904,6140,193,213
22926,1522,840,United States of America,Austin,30.27,-97.74,NA,NA,NA,1522,137,161,189,224,267,320,383,466,569,720,911,1120,1377,1684,1938,2079,2182,13,13
22928,1524,840,United States of America,Baltimore,39.29038,-76.61219,NA,NA,NA,1524,1168,1290,1422,1486,1555,1650,1749,1797,1849,1962,2079,2142,2207,2267,2326,2429,2543,35,35
22939,1529,840,United States of America,Boston,42.347919,-71.06453,NA,NA,NA,1529,2551,2680,2818,3000,3187,3233,3281,3349,3428,3726,4036,4110,4185,4249,4320,4485,4671,21,23
22954,1534,840,United States of America,Charlotte,35.22709,-80.84313,NA,NA,NA,1534,142,174,211,244,281,315,353,402,461,596,768,986,1265,1616,1912,2063,2166,53,56
22956,1536,840,United States of America,Chicago,41.85003,-87.65005,NA,NA,NA,1536,4999,5565,6183,6639,7106,7160,7216,7285,7374,7839,8315,8464,8616,8745,8871,9166,9493,75,73
22957,1537,840,United States of America,Cincinnati,39.104722,-84.518783,NA,NA,NA,1537,881,980,1086,1144,1202,1216,1231,1281,1335,1419,1506,1566,1628,1688,1743,1826,1916,4,2
22959,1538,840,United States of America,Cleveland,41.498587,-81.687402,NA,NA,NA,1538,1392,1582,1789,1875,1954,1848,1751,1713,1680,1734,1786,1784,1781,1773,1784,1858,1948,12,9
22963,1541,840,United States of America,Columbus Ohio,39.962205,-83.000186,NA,NA,NA,1541,441,524,621,702,791,813,836,890,950,1040,1139,1251,1374,1505,1612,1703,1788,9,9
22966,1544,840,United States of America,Dallas-Fort Worth,32.72541,-97.32085,NA,NA,NA,1544,866,1122,1447,1715,2025,2234,2468,2819,3219,3665,4168,4632,5149,5703,6130,6430,6683,59,62
22972,1548,840,United States of America,Denver-Aurora,39.734283,-104.983138,NA,NA,NA,1548,505,641,809,923,1054,1198,1356,1437,1528,1747,1994,2181,2385,2599,2771,2916,3048,53,56
22974,1550,840,United States of America,Detroit,42.387137,-83.102641,NA,NA,NA,1550,2769,3140,3548,3759,3966,3885,3807,3750,3703,3804,3899,3814,3730,3639,3606,3727,3886,44,44
23014,1564,840,United States of America,Houston,29.7601927,-95.3693896,NA,NA,NA,1564,709,904,1151,1396,1693,2030,2424,2658,2922,3353,3847,4375,4976,5638,6151,6474,6729,65,65
23017,1566,840,United States of America,Indianapolis,39.790942,-86.147685,NA,NA,NA,1566,505,570,643,729,821,829,838,877,921,1063,1225,1353,1495,1646,1768,1868,1961,8,10
23020,1569,840,United States of America,Jacksonville Florida,30.33218,-81.65565,NA,NA,NA,1569,246,304,376,448,531,564,601,668,742,811,886,974,1070,1172,1256,1329,1398,4,4
23028,1570,840,United States of America,Kansas City,39.11417,-94.62746,NA,NA,NA,1570,703,808,925,1005,1086,1079,1075,1152,1233,1297,1365,1442,1524,1604,1675,1759,1846,15,13
23043,1576,840,United States of America,Las Vegas,36.169941,-115.13983,NA,NA,NA,1576,35,56,92,149,240,325,438,556,708,973,1326,1589,1903,2270,2567,2738,2867,42,38
23052,1579,840,United States of America,Los Angeles-Long Beach-Santa Ana,34.031656,-118.241716,NA,NA,NA,1579,4046,5154,6530,7408,8378,8926,9512,10181,10883,11339,11798,11978,12160,12310,12454,12835,13257,56,47
23053,1580,840,United States of America,Louisville,38.24194,-85.763064,NA,NA,NA,1580,476,539,610,673,740,751,761,758,757,810,866,919,975,1032,1082,1140,1201,3,3
23063,1583,840,United States of America,Memphis,35.140814,-90.047458,NA,NA,NA,1583,409,474,547,604,667,720,776,801,829,899,974,1017,1062,1106,1147,1206,1269,4,2
23064,1584,840,United States of America,Miami,25.789097,-80.204044,NA,NA,NA,1584,622,924,1361,1709,2141,2590,3122,3521,3969,4431,4933,5217,5518,5817,6056,6308,6554,56,58
23067,1585,840,United States of America,Milwaukee,43.0389,-87.90647,NA,NA,NA,1585,836,985,1152,1203,1251,1228,1207,1217,1228,1269,1311,1344,1378,1409,1444,1512,1588,4,4
23068,1586,840,United States of America,Minneapolis-St. Paul,44.97307,-93.269895,NA,NA,NA,1586,996,1176,1384,1540,1706,1748,1794,1935,2087,2236,2395,2523,2658,2791,2904,3038,3175,33,39
23077,1590,840,United States of America,Nashville-Davidson,36.160996,-86.783045,NA,NA,NA,1590,261,302,349,397,450,484,520,546,577,660,755,858,976,1105,1211,1289,1357,20,16
23083,1593,840,United States of America,New York-Newark,40.717042,-74.003663,NA,NA,NA,1593,12338,13219,14164,15177,16191,15880,15601,15827,16086,16943,17813,18087,18365,18593,18793,19314,19885,77,72
23084,1642,840,United States of America,Virginia Beach,36.834498,-76.087179,NA,NA,NA,1642,391,534,721,820,930,996,1069,1174,1286,1341,1396,1418,1441,1460,1487,1554,1632,5,2
23091,1597,840,United States of America,Orlando,28.53834,-81.37924,NA,NA,NA,1597,75,124,203,250,310,427,583,723,893,1020,1165,1331,1521,1731,1900,2016,2115,36,38
23098,1601,840,United States of America,Philadelphia,39.95234,-75.16379,NA,NA,NA,1601,3128,3511,3930,4161,4396,4467,4540,4629,4725,4938,5156,5301,5449,5585,5709,5925,6158,41,44
23099,1602,840,United States of America,Phoenix-Mesa,33.449454,-112.074743,NA,NA,NA,1602,221,353,558,698,874,1117,1422,1696,2025,2437,2923,3266,3649,4063,4386,4614,4808,59,58
23100,1603,840,United States of America,Pittsburgh,40.441823,-79.98823,NA,NA,NA,1603,1539,1670,1805,1826,1845,1827,1807,1740,1681,1717,1753,1743,1733,1719,1726,1797,1884,15,10
23102,1605,840,United States of America,Portland,45.521525,-122.679933,NA,NA,NA,1605,516,581,656,738,829,925,1030,1100,1181,1372,1589,1718,1857,2001,2119,2229,2336,21,19
23106,1607,840,United States of America,Providence,41.824037,-71.417702,NA,NA,NA,1607,703,743,787,860,936,963,990,1018,1047,1111,1175,1183,1191,1196,1212,1267,1333,5,4
23110,1609,840,United States of America,Raleigh,35.778897,-78.637471,NA,NA,NA,1609,69,81,95,121,153,179,209,254,310,413,548,701,896,1140,1347,1456,1533,NA,NA
23115,1611,840,United States of America,Richmond,37.543207,-77.438159,NA,NA,NA,1611,260,295,337,420,519,558,600,646,696,757,822,887,957,1030,1091,1153,1214,3,4
23116,1612,840,United States of America,Riverside-San Bernardino,33.95335,-117.39616,NA,NA,NA,1612,139,232,382,474,586,645,714,920,1178,1336,1516,1717,1945,2194,2394,2534,2653,6,5
23121,1616,840,United States of America,Sacramento,38.58157,-121.4944,NA,NA,NA,1616,216,315,456,540,637,714,803,942,1104,1244,1401,1558,1733,1920,2071,2189,2294,12,13
23126,1617,840,United States of America,Salt Lake City,40.7547,-111.892622,NA,NA,NA,1617,230,285,351,412,483,573,677,732,792,840,891,955,1025,1096,1156,1220,1284,26,25
23128,1618,840,United States of America,San Antonio,29.424113,-98.493536,NA,NA,NA,1618,454,542,645,707,776,859,949,1038,1134,1229,1337,1538,1771,2030,2238,2375,2488,9,9
23129,1619,840,United States of America,San Diego,32.71533,-117.15726,NA,NA,NA,1619,440,612,844,1010,1209,1442,1718,2017,2356,2514,2681,2819,2964,3107,3228,3373,3522,26,27
23130,1620,840,United States of America,San Francisco-Oakland,37.759881,-122.437392,NA,NA,NA,1620,1855,2021,2200,2361,2529,2590,2656,2805,2961,3095,3230,3256,3283,3300,3336,3464,3615,51,49
23131,1621,840,United States of America,San Jose,37.33939,-121.89496,NA,NA,NA,1621,182,336,611,788,1009,1103,1204,1288,1376,1457,1541,1603,1668,1730,1787,1872,1964,11,11
23140,1626,840,United States of America,Seattle,47.626353,-122.333144,NA,NA,NA,1626,795,930,1089,1305,1556,1663,1780,1982,2206,2453,2720,2889,3069,3249,3396,3554,3709,33,35
23152,1631,840,United States of America,St. Louis,38.628612,-90.197197,NA,NA,NA,1631,1407,1535,1673,1777,1882,1865,1851,1899,1950,2014,2079,2116,2153,2184,2223,2318,2427,20,17
23160,1634,840,United States of America,Tampa-St. Petersburg,27.94752,-82.45843,NA,NA,NA,1634,300,437,632,742,874,1094,1362,1530,1717,1886,2071,2253,2452,2659,2825,2970,3105,21,26
23174,1643,840,United States of America,Washington D.C.,38.89511,-77.03637,NA,NA,NA,1643,1298,1539,1823,2135,2488,2626,2777,3063,3376,3651,3949,4264,4604,4955,5230,5469,5690,31,33
23192,135,854,Burkina Faso,Ouagadougou,12.36423,-1.53834,NA,NA,NA,135,33,46,59,82,115,167,265,424,537,667,921,1328,1914,2741,3695,4732,5854,1,1
23193,1648,858,Uruguay,Montevideo,-34.83346,-56.16735,NA,NA,NA,1648,1212,1248,1285,1323,1362,1403,1454,1508,1549,1590,1600,1613,1659,1707,1755,1810,1860,NA,NA
23209,1652,860,Uzbekistan,Tashkent,41.26465,69.21627,NA,NA,NA,1652,755,843,964,1165,1403,1612,1818,1958,2100,2116,2135,2169,2209,2251,2362,2590,2839,3,2
23215,1656,862,Venezuela (Bolivarian Republic of),Barquisimeto,10.07389,-69.32278,NA,NA,NA,1656,127,173,236,303,384,475,583,666,742,838,946,993,1016,1039,1081,1152,1228,NA,NA
23217,1658,862,Venezuela (Bolivarian Republic of),Caracas,10.48801,-66.87919,NA,NA,NA,1658,694,955,1316,1657,2060,2342,2575,2693,2767,2816,2864,2887,2901,2916,2994,3163,3347,2,2
23226,1665,862,Venezuela (Bolivarian Republic of),Maracaibo,10.63167,-71.64056,NA,NA,NA,1665,282,367,479,570,670,787,923,1095,1303,1501,1724,1890,2037,2196,2361,2524,2677,NA,NA
23227,1666,862,Venezuela (Bolivarian Republic of),Maracay,10.24694,-67.59583,NA,NA,NA,1666,58,79,106,160,246,342,456,592,760,831,898,978,1068,1166,1266,1361,1450,NA,NA
23233,1671,862,Venezuela (Bolivarian Republic of),Valencia,10.16202,-68.00765,NA,NA,NA,1671,126,164,214,295,412,546,709,873,1053,1213,1392,1516,1621,1734,1855,1983,2107,NA,NA
23239,1685,887,Yemen,Sana'a',15.353115,44.20782,NA,NA,NA,1685,46,58,72,89,111,141,238,402,653,1033,1347,1757,2291,2962,3643,4351,5071,5,4
23241,1355,688,Serbia,Beograd (Belgrade),44.817649,20.463309,NA,NA,NA,1355,432,523,638,751,878,975,1073,1107,1130,1128,1122,1136,1160,1182,1185,1190,1196,7,6
23277,1688,894,Zambia,Lusaka,-15.413374,28.277148,NA,NA,NA,1688,31,53,91,160,278,385,533,636,757,902,1073,1356,1719,2179,2761,3484,4365,5,4
23355,1673,704,Viet Nam,Can Tho,10.03333,105.78333,NA,NA,NA,1673,46,54,65,77,92,133,185,198,226,315,439,611,851,1175,1486,1714,1902,NA,NA
23595,215,156,China,Cixi,30.176116,121.252392,NA,NA,NA,215,3,5,9,15,26,43,73,123,207,367,650,834,1044,1303,1546,1714,1829,NA,NA
23637,266,156,China,Haerbin,45.756325,126.646688,NA,NA,NA,266,727,1129,1423,1629,1696,1738,1992,2214,2392,3050,3888,4382,4896,5457,5999,6499,6860,3,3
23639,268,156,China,Haikou,20.027423,110.330071,NA,NA,NA,268,107,134,168,209,247,293,348,412,489,666,907,1166,1492,1903,2287,2540,2702,5,5
23697,393,156,China,Puning,23.296655,116.164678,NA,NA,NA,393,15,19,23,28,34,42,51,62,76,214,603,744,866,1005,1137,1250,1336,NA,NA
23706,409,156,China,Rizhao,35.40336,119.511996,NA,NA,NA,409,7,11,17,26,41,64,101,158,248,390,613,746,891,1062,1223,1349,1441,NA,NA
23773,553,156,China,Zhongshan,22.517992,113.383938,NA,NA,NA,553,55,71,90,115,147,188,241,308,393,736,1376,1940,2682,3691,4658,5210,5518,NA,NA
23816,454,156,China,Taizhou  Zhejiang,28.637219,121.418459,NA,NA,NA,454,44,55,69,86,108,135,170,213,267,514,992,1202,1410,1648,1873,2055,2189,NA,NA
204118,1425,764,Thailand,Samut Prakan,13.59934,100.59675,NA,NA,NA,1425,10,15,22,32,47,47,49,82,138,232,389,652,1093,1814,2558,2945,3139,13,11
204296,671,276,Germany,Berlin,52.52437,13.41053,NA,NA,NA,671,3338,3299,3260,3232,3206,3130,3056,3060,3422,3471,3384,3391,3475,3563,3626,3654,3658,47,54
204341,682,276,Germany,Hamburg,53.55,10,NA,NA,NA,682,1608,1703,1812,1815,1792,1721,1652,1586,1639,1707,1710,1739,1785,1831,1867,1892,1906,25,23
204358,685,276,Germany,Köln (Cologne),50.93333,6.95,NA,NA,NA,685,598,683,788,827,849,908,970,919,950,965,963,976,1009,1037,1061,1080,1095,NA,NA
204371,689,276,Germany,München (Munich),48.137076,11.573377,NA,NA,NA,689,831,936,1060,1175,1294,1296,1299,1267,1218,1241,1202,1254,1353,1438,1502,1533,1548,57,55
204581,996,392,Japan,Sapporo,43.06417,141.34694,NA,NA,NA,996,754,892,1056,1250,1479,1751,1996,2157,2319,2476,2508,2601,2591,2571,2549,2556,2542,5,5
204582,997,392,Japan,Sendai,38.256047,140.897639,NA,NA,1982,997,538,666,824,1021,1264,1566,1731,1855,2021,2135,2184,2284,2192,2091,2022,2019,2012,NA,NA
204583,983,392,Japan,Chukyo M.M.A. (Nagoya),35.18147,136.90641,NA,NA,1964,983,2237,3100,4297,5954,6603,7318,7777,8023,8407,8748,8740,8914,9165,9406,9491,9456,9304,5,5
204585,984,392,Japan,Hiroshima,34.392823,132.460534,NA,NA,1975,984,503,647,833,1072,1379,1774,1825,1917,1986,2040,2044,2063,2119,2173,2203,2221,2213,1,1
204586,988,392,Japan,Kitakyushu-Fukuoka M.M.A.,33.6064,130.4181,NA,NA,1975,988,1403,1939,2681,3705,4072,4609,4726,4961,5269,5450,5421,5582,5556,5510,5447,5426,5355,10,10
204592,1506,826,United Kingdom,West Yorkshire,53.798431,-1.764855,NA,NA,NA,1506,1692,1697,1703,1714,1726,1618,1496,1464,1448,1468,1495,1611,1756,1912,2054,2154,2235,3,3
204765,1488,826,United Kingdom,Glasgow,55.86515,-4.25763,NA,NA,NA,1488,1755,1777,1798,1770,1734,1728,1728,1488,1234,1191,1180,1191,1207,1223,1254,1306,1360,3,4
205588,1115,104,Myanmar,Nay Pyi Taw,19.745,96.12972,NA,NA,NA,1115,0,0,0,0,0,0,0,0,0,0,0,56,964,1030,1126,1258,1398,NA,NA
205695,879,360,Indonesia,Batam,1.119078,104.031275,NA,NA,NA,879,47,50,54,58,62,67,71,76,82,180,415,621,930,1391,1896,2236,2486,NA,NA
205696,883,360,Indonesia,Denpasar,-8.65,115.21667,NA,NA,NA,883,34,43,54,67,83,105,131,164,206,289,409,574,797,1107,1438,1680,1870,2,2
205932,485,156,China,Xiangyang,32.008764,112.144038,NA,NA,NA,485,57,87,134,141,179,227,287,390,554,816,1202,1323,1426,1533,1650,1791,1907,NA,NA
206156,998,392,Japan,Shizuoka-Hamamatsu M.M.A.,34.9769,138.3831,NA,NA,1964,998,380,451,534,633,726,807,895,939,1003,1039,1217,2162,2730,3369,3846,3966,3934,NA,NA
206167,41,36,Australia,Sydney,-33.86785,151.20732,NA,NA,NA,41,1690,1906,2135,2390,2892,3118,3252,3432,3632,3819,4052,4225,4364,4505,4729,5012,5301,11,12
206168,37,36,Australia,Melbourne,-37.814,144.96332,NA,NA,NA,37,1332,1574,1851,2068,2499,2732,2839,2969,3154,3283,3461,3707,3951,4203,4501,4792,5071,8,8
206170,34,36,Australia,Brisbane,-27.46794,153.02809,NA,NA,NA,34,442,518,603,699,905,1037,1135,1242,1381,1530,1666,1863,2034,2202,2389,2560,2721,9,9
206171,33,36,Australia,Adelaide,-34.92866,138.59863000000001,NA,NA,NA,33,429,497,572,697,850,929,972,1024,1082,1112,1142,1181,1218,1256,1321,1410,1505,2,1
206172,39,36,Australia,Perth,-31.947841,115.852514,NA,NA,NA,39,311,358,409,483,688,825,922,1048,1195,1319,1432,1552,1698,1861,2036,2188,2329,3,3
206411,1036,458,Malaysia,Kuala Lumpur,3.1412,101.68653,NA,NA,NA,1036,262,300,344,394,451,661,971,1427,2098,2975,4176,4927,5810,6837,7844,8703,9423,7,7
206459,987,392,Japan,Kinki M.M.A. (Osaka),34.675834,135.553823,NA,NA,1964,987,7005,8623,10615,13065,15272,16298,17028,17583,18389,18940,18660,18762,19492,20238,20523,20348,19976,15,14
